:START_ID(Flight),:END_ID(Delay)
FL00002,DLY00001
FL00007,DLY00002
FL00009,DLY00003
FL00011,DLY00004
FL00013,DLY00005
FL00016,DLY00006
FL00019,DLY00007
FL00020,DLY00008
FL00021,DLY00009
FL00022,DLY00010
FL00025,DLY00011
FL00028,DLY00012
FL00029,DLY00013
FL00031,DLY00014
FL00033,DLY00015
FL00034,DLY00016
FL00035,DLY00017
FL00040,DLY00018
FL00043,DLY00019
FL00044,DLY00020
FL00046,DLY00021
FL00048,DLY00022
FL00049,DLY00023
FL00051,DLY00024
FL00052,DLY00025
FL00056,DLY00026
FL00060,DLY00027
FL00063,DLY00028
FL00065,DLY00029
FL00066,DLY00030
FL00067,DLY00031
FL00068,DLY00032
FL00069,DLY00033
FL00070,DLY00034
FL00071,DLY00035
FL00073,DLY00036
FL00078,DLY00037
FL00080,DLY00038
FL00087,DLY00039
FL00092,DLY00040
FL00093,DLY00041
FL00096,DLY00042
FL00097,DLY00043
FL00099,DLY00044
FL00103,DLY00045
FL00104,DLY00046
FL00106,DLY00047
FL00107,DLY00048
FL00108,DLY00049
FL00109,DLY00050
FL00111,DLY00051
FL00115,DLY00052
FL00116,DLY00053
FL00118,DLY00054
FL00121,DLY00055
FL00123,DLY00056
FL00124,DLY00057
FL00126,DLY00058
FL00129,DLY00059
FL00133,DLY00060
FL00136,DLY00061
FL00138,DLY00062
FL00140,DLY00063
FL00141,DLY00064
FL00142,DLY00065
FL00144,DLY00066
FL00145,DLY00067
FL00147,DLY00068
FL00149,DLY00069
FL00151,DLY00070
FL00152,DLY00071
FL00155,DLY00072
FL00156,DLY00073
FL00162,DLY00074
FL00163,DLY00075
FL00164,DLY00076
FL00165,DLY00077
FL00166,DLY00078
FL00167,DLY00079
FL00171,DLY00080
FL00172,DLY00081
FL00174,DLY00082
FL00179,DLY00083
FL00180,DLY00084
FL00182,DLY00085
FL00183,DLY00086
FL00185,DLY00087
FL00186,DLY00088
FL00188,DLY00089
FL00193,DLY00090
FL00196,DLY00091
FL00199,DLY00092
FL00200,DLY00093
FL00201,DLY00094
FL00208,DLY00095
FL00209,DLY00096
FL00212,DLY00097
FL00215,DLY00098
FL00218,DLY00099
FL00222,DLY00100
FL00225,DLY00101
FL00226,DLY00102
FL00229,DLY00103
FL00230,DLY00104
FL00233,DLY00105
FL00236,DLY00106
FL00238,DLY00107
FL00240,DLY00108
FL00241,DLY00109
FL00246,DLY00110
FL00251,DLY00111
FL00252,DLY00112
FL00254,DLY00113
FL00255,DLY00114
FL00256,DLY00115
FL00257,DLY00116
FL00261,DLY00117
FL00263,DLY00118
FL00269,DLY00119
FL00274,DLY00120
FL00275,DLY00121
FL00276,DLY00122
FL00278,DLY00123
FL00279,DLY00124
FL00281,DLY00125
FL00282,DLY00126
FL00283,DLY00127
FL00284,DLY00128
FL00289,DLY00129
FL00293,DLY00130
FL00296,DLY00131
FL00297,DLY00132
FL00299,DLY00133
FL00300,DLY00134
FL00302,DLY00135
FL00303,DLY00136
FL00304,DLY00137
FL00305,DLY00138
FL00312,DLY00139
FL00315,DLY00140
FL00316,DLY00141
FL00318,DLY00142
FL00320,DLY00143
FL00322,DLY00144
FL00326,DLY00145
FL00327,DLY00146
FL00328,DLY00147
FL00331,DLY00148
FL00336,DLY00149
FL00338,DLY00150
FL00339,DLY00151
FL00342,DLY00152
FL00343,DLY00153
FL00346,DLY00154
FL00350,DLY00155
FL00351,DLY00156
FL00352,DLY00157
FL00354,DLY00158
FL00357,DLY00159
FL00358,DLY00160
FL00362,DLY00161
FL00367,DLY00162
FL00368,DLY00163
FL00370,DLY00164
FL00372,DLY00165
FL00373,DLY00166
FL00375,DLY00167
FL00376,DLY00168
FL00379,DLY00169
FL00380,DLY00170
FL00381,DLY00171
FL00385,DLY00172
FL00390,DLY00173
FL00391,DLY00174
FL00394,DLY00175
FL00395,DLY00176
FL00397,DLY00177
FL00401,DLY00178
FL00405,DLY00179
FL00406,DLY00180
FL00416,DLY00181
FL00418,DLY00182
FL00420,DLY00183
FL00421,DLY00184
FL00426,DLY00185
FL00428,DLY00186
FL00430,DLY00187
FL00434,DLY00188
FL00436,DLY00189
FL00437,DLY00190
FL00442,DLY00191
FL00446,DLY00192
FL00449,DLY00193
FL00450,DLY00194
FL00454,DLY00195
FL00456,DLY00196
FL00460,DLY00197
FL00466,DLY00198
FL00467,DLY00199
FL00479,DLY00200
FL00480,DLY00201
FL00481,DLY00202
FL00483,DLY00203
FL00485,DLY00204
FL00488,DLY00205
FL00490,DLY00206
FL00492,DLY00207
FL00493,DLY00208
FL00494,DLY00209
FL00495,DLY00210
FL00496,DLY00211
FL00498,DLY00212
FL00500,DLY00213
FL00501,DLY00214
FL00503,DLY00215
FL00505,DLY00216
FL00512,DLY00217
FL00514,DLY00218
FL00516,DLY00219
FL00517,DLY00220
FL00521,DLY00221
FL00526,DLY00222
FL00528,DLY00223
FL00529,DLY00224
FL00530,DLY00225
FL00537,DLY00226
FL00539,DLY00227
FL00542,DLY00228
FL00546,DLY00229
FL00547,DLY00230
FL00548,DLY00231
FL00549,DLY00232
FL00558,DLY00233
FL00560,DLY00234
FL00561,DLY00235
FL00562,DLY00236
FL00564,DLY00237
FL00568,DLY00238
FL00576,DLY00239
FL00579,DLY00240
FL00583,DLY00241
FL00591,DLY00242
FL00594,DLY00243
FL00595,DLY00244
FL00597,DLY00245
FL00602,DLY00246
FL00609,DLY00247
FL00610,DLY00248
FL00613,DLY00249
FL00617,DLY00250
FL00619,DLY00251
FL00626,DLY00252
FL00628,DLY00253
FL00632,DLY00254
FL00634,DLY00255
FL00641,DLY00256
FL00645,DLY00257
FL00647,DLY00258
FL00650,DLY00259
FL00652,DLY00260
FL00653,DLY00261
FL00657,DLY00262
FL00660,DLY00263
FL00661,DLY00264
FL00664,DLY00265
FL00666,DLY00266
FL00672,DLY00267
FL00679,DLY00268
FL00680,DLY00269
FL00682,DLY00270
FL00685,DLY00271
FL00693,DLY00272
FL00696,DLY00273
FL00700,DLY00274
FL00702,DLY00275
FL00703,DLY00276
FL00708,DLY00277
FL00709,DLY00278
FL00711,DLY00279
FL00714,DLY00280
FL00715,DLY00281
FL00716,DLY00282
FL00720,DLY00283
FL00721,DLY00284
FL00726,DLY00285
FL00730,DLY00286
FL00732,DLY00287
FL00733,DLY00288
FL00736,DLY00289
FL00744,DLY00290
FL00747,DLY00291
FL00755,DLY00292
FL00757,DLY00293
FL00760,DLY00294
FL00765,DLY00295
FL00766,DLY00296
FL00767,DLY00297
FL00768,DLY00298
FL00770,DLY00299
FL00776,DLY00300
FL00777,DLY00301
FL00782,DLY00302
FL00783,DLY00303
FL00784,DLY00304
FL00785,DLY00305
FL00786,DLY00306
FL00807,DLY00307
FL00820,DLY00308
FL00822,DLY00309
FL00825,DLY00310
FL00829,DLY00311
FL00831,DLY00312
FL00833,DLY00313
FL00834,DLY00314
FL00835,DLY00315
FL00837,DLY00316
FL00850,DLY00317
FL00854,DLY00318
FL00855,DLY00319
FL00858,DLY00320
FL00861,DLY00321
FL00867,DLY00322
FL00877,DLY00323
FL00884,DLY00324
FL00896,DLY00325
FL00897,DLY00326
FL00899,DLY00327
FL00902,DLY00328
FL00907,DLY00329
FL00913,DLY00330
FL00914,DLY00331
FL00915,DLY00332
FL00917,DLY00333
FL00919,DLY00334
FL00921,DLY00335
FL00925,DLY00336
FL00933,DLY00337
FL00934,DLY00338
FL00944,DLY00339
FL00948,DLY00340
FL00949,DLY00341
FL00953,DLY00342
FL00955,DLY00343
FL00960,DLY00344
FL00961,DLY00345
FL00963,DLY00346
FL00964,DLY00347
FL00965,DLY00348
FL00974,DLY00349
FL00981,DLY00350
FL00982,DLY00351
FL00988,DLY00352
FL00992,DLY00353
FL00996,DLY00354
FL00997,DLY00355
FL00998,DLY00356
FL01003,DLY00357
FL01005,DLY00358
FL01006,DLY00359
FL01008,DLY00360
FL01010,DLY00361
FL01015,DLY00362
FL01021,DLY00363
FL01026,DLY00364
FL01032,DLY00365
FL01033,DLY00366
FL01044,DLY00367
FL01047,DLY00368
FL01049,DLY00369
FL01054,DLY00370
FL01061,DLY00371
FL01064,DLY00372
FL01068,DLY00373
FL01071,DLY00374
FL01073,DLY00375
FL01077,DLY00376
FL01079,DLY00377
FL01089,DLY00378
FL01090,DLY00379
FL01093,DLY00380
FL01096,DLY00381
FL01103,DLY00382
FL01105,DLY00383
FL01109,DLY00384
FL01116,DLY00385
FL01121,DLY00386
FL01124,DLY00387
FL01126,DLY00388
FL01131,DLY00389
FL01136,DLY00390
FL01137,DLY00391
FL01138,DLY00392
FL01140,DLY00393
FL01152,DLY00394
FL01154,DLY00395
FL01160,DLY00396
FL01165,DLY00397
FL01167,DLY00398
FL01173,DLY00399
FL01174,DLY00400
FL01175,DLY00401
FL01177,DLY00402
FL01179,DLY00403
FL01186,DLY00404
FL01187,DLY00405
FL01188,DLY00406
FL01189,DLY00407
FL01191,DLY00408
FL01192,DLY00409
FL01193,DLY00410
FL01197,DLY00411
FL01198,DLY00412
FL01202,DLY00413
FL01206,DLY00414
FL01208,DLY00415
FL01210,DLY00416
FL01212,DLY00417
FL01213,DLY00418
FL01214,DLY00419
FL01218,DLY00420
FL01219,DLY00421
FL01220,DLY00422
FL01221,DLY00423
FL01223,DLY00424
FL01224,DLY00425
FL01226,DLY00426
FL01227,DLY00427
FL01228,DLY00428
FL01231,DLY00429
FL01232,DLY00430
FL01234,DLY00431
FL01236,DLY00432
FL01237,DLY00433
FL01247,DLY00434
FL01249,DLY00435
FL01252,DLY00436
FL01254,DLY00437
FL01255,DLY00438
FL01256,DLY00439
FL01258,DLY00440
FL01262,DLY00441
FL01263,DLY00442
FL01268,DLY00443
FL01271,DLY00444
FL01273,DLY00445
FL01275,DLY00446
FL01276,DLY00447
FL01277,DLY00448
FL01279,DLY00449
FL01280,DLY00450
FL01281,DLY00451
FL01282,DLY00452
FL01283,DLY00453
FL01284,DLY00454
FL01285,DLY00455
FL01287,DLY00456
FL01289,DLY00457
FL01297,DLY00458
FL01301,DLY00459
FL01304,DLY00460
FL01305,DLY00461
FL01306,DLY00462
FL01307,DLY00463
FL01308,DLY00464
FL01310,DLY00465
FL01311,DLY00466
FL01312,DLY00467
FL01316,DLY00468
FL01319,DLY00469
FL01320,DLY00470
FL01321,DLY00471
FL01322,DLY00472
FL01323,DLY00473
FL01325,DLY00474
FL01326,DLY00475
FL01330,DLY00476
FL01331,DLY00477
FL01333,DLY00478
FL01334,DLY00479
FL01335,DLY00480
FL01336,DLY00481
FL01337,DLY00482
FL01338,DLY00483
FL01340,DLY00484
FL01341,DLY00485
FL01347,DLY00486
FL01348,DLY00487
FL01352,DLY00488
FL01359,DLY00489
FL01361,DLY00490
FL01364,DLY00491
FL01366,DLY00492
FL01371,DLY00493
FL01378,DLY00494
FL01383,DLY00495
FL01387,DLY00496
FL01389,DLY00497
FL01390,DLY00498
FL01394,DLY00499
FL01397,DLY00500
FL01399,DLY00501
FL01403,DLY00502
FL01404,DLY00503
FL01405,DLY00504
FL01409,DLY00505
FL01417,DLY00506
FL01419,DLY00507
FL01422,DLY00508
FL01424,DLY00509
FL01427,DLY00510
FL01431,DLY00511
FL01433,DLY00512
FL01434,DLY00513
FL01439,DLY00514
FL01440,DLY00515
FL01443,DLY00516
FL01449,DLY00517
FL01453,DLY00518
FL01454,DLY00519
FL01456,DLY00520
FL01457,DLY00521
FL01459,DLY00522
FL01460,DLY00523
FL01462,DLY00524
FL01463,DLY00525
FL01464,DLY00526
FL01466,DLY00527
FL01470,DLY00528
FL01471,DLY00529
FL01472,DLY00530
FL01474,DLY00531
FL01478,DLY00532
FL01481,DLY00533
FL01482,DLY00534
FL01485,DLY00535
FL01486,DLY00536
FL01489,DLY00537
FL01495,DLY00538
FL01496,DLY00539
FL01498,DLY00540
FL01503,DLY00541
FL01505,DLY00542
FL01508,DLY00543
FL01509,DLY00544
FL01516,DLY00545
FL01517,DLY00546
FL01520,DLY00547
FL01524,DLY00548
FL01532,DLY00549
FL01534,DLY00550
FL01535,DLY00551
FL01536,DLY00552
FL01540,DLY00553
FL01542,DLY00554
FL01543,DLY00555
FL01545,DLY00556
FL01551,DLY00557
FL01559,DLY00558
FL01562,DLY00559
FL01569,DLY00560
FL01570,DLY00561
FL01571,DLY00562
FL01573,DLY00563
FL01574,DLY00564
FL01575,DLY00565
FL01576,DLY00566
FL01577,DLY00567
FL01582,DLY00568
FL01583,DLY00569
FL01589,DLY00570
FL01593,DLY00571
FL01594,DLY00572
FL01596,DLY00573
FL01597,DLY00574
FL01598,DLY00575
FL01600,DLY00576
FL01601,DLY00577
FL01602,DLY00578
FL01605,DLY00579
FL01606,DLY00580
FL01607,DLY00581
FL01608,DLY00582
FL01611,DLY00583
FL01614,DLY00584
FL01615,DLY00585
FL01618,DLY00586
FL01619,DLY00587
FL01620,DLY00588
FL01621,DLY00589
FL01622,DLY00590
FL01624,DLY00591
FL01626,DLY00592
FL01627,DLY00593
FL01629,DLY00594
FL01632,DLY00595
FL01633,DLY00596
FL01634,DLY00597
FL01637,DLY00598
FL01638,DLY00599
FL01640,DLY00600
FL01641,DLY00601
FL01644,DLY00602
FL01647,DLY00603
FL01648,DLY00604
FL01649,DLY00605
FL01650,DLY00606
FL01651,DLY00607
FL01654,DLY00608
FL01657,DLY00609
FL01659,DLY00610
FL01660,DLY00611
FL01662,DLY00612
FL01665,DLY00613
FL01667,DLY00614
FL01668,DLY00615
FL01674,DLY00616
FL01675,DLY00617
FL01676,DLY00618
FL01678,DLY00619
FL01681,DLY00620
FL01682,DLY00621
FL01684,DLY00622
FL01686,DLY00623
FL01687,DLY00624
FL01690,DLY00625
FL01692,DLY00626
FL01693,DLY00627
FL01696,DLY00628
FL01697,DLY00629
FL01698,DLY00630
FL01699,DLY00631
FL01702,DLY00632
FL01708,DLY00633
FL01710,DLY00634
FL01711,DLY00635
FL01713,DLY00636
FL01715,DLY00637
FL01718,DLY00638
FL01721,DLY00639
FL01722,DLY00640
FL01723,DLY00641
FL01726,DLY00642
FL01729,DLY00643
FL01732,DLY00644
FL01734,DLY00645
FL01736,DLY00646
FL01737,DLY00647
FL01738,DLY00648
FL01740,DLY00649
FL01741,DLY00650
FL01742,DLY00651
FL01743,DLY00652
FL01746,DLY00653
FL01747,DLY00654
FL01748,DLY00655
FL01749,DLY00656
FL01750,DLY00657
FL01752,DLY00658
FL01753,DLY00659
FL01754,DLY00660
FL01760,DLY00661
FL01761,DLY00662
FL01763,DLY00663
FL01768,DLY00664
FL01769,DLY00665
FL01771,DLY00666
FL01772,DLY00667
FL01773,DLY00668
FL01774,DLY00669
FL01780,DLY00670
FL01784,DLY00671
FL01785,DLY00672
FL01786,DLY00673
FL01788,DLY00674
FL01789,DLY00675
FL01790,DLY00676
FL01791,DLY00677
FL01792,DLY00678
FL01793,DLY00679
FL01794,DLY00680
FL01795,DLY00681
FL01796,DLY00682
FL01798,DLY00683
FL01799,DLY00684
FL01801,DLY00685
FL01804,DLY00686
FL01805,DLY00687
FL01809,DLY00688
FL01810,DLY00689
FL01811,DLY00690
FL01812,DLY00691
FL01813,DLY00692
FL01814,DLY00693
FL01815,DLY00694
FL01816,DLY00695
FL01817,DLY00696
FL01818,DLY00697
FL01819,DLY00698
FL01822,DLY00699
FL01823,DLY00700
FL01824,DLY00701
FL01825,DLY00702
FL01827,DLY00703
FL01829,DLY00704
FL01831,DLY00705
FL01833,DLY00706
FL01834,DLY00707
FL01835,DLY00708
FL01837,DLY00709
FL01838,DLY00710
FL01839,DLY00711
FL01840,DLY00712
FL01841,DLY00713
FL01844,DLY00714
FL01845,DLY00715
FL01847,DLY00716
FL01849,DLY00717
FL01855,DLY00718
FL01858,DLY00719
FL01859,DLY00720
FL01865,DLY00721
FL01868,DLY00722
FL01869,DLY00723
FL01870,DLY00724
FL01871,DLY00725
FL01872,DLY00726
FL01874,DLY00727
FL01875,DLY00728
FL01876,DLY00729
FL01879,DLY00730
FL01880,DLY00731
FL01881,DLY00732
FL01882,DLY00733
FL01883,DLY00734
FL01885,DLY00735
FL01887,DLY00736
FL01888,DLY00737
FL01892,DLY00738
FL01894,DLY00739
FL01896,DLY00740
FL01897,DLY00741
FL01899,DLY00742
FL01901,DLY00743
FL01902,DLY00744
FL01903,DLY00745
FL01905,DLY00746
FL01907,DLY00747
FL01910,DLY00748
FL01914,DLY00749
FL01916,DLY00750
FL01918,DLY00751
FL01920,DLY00752
FL01921,DLY00753
FL01922,DLY00754
FL01924,DLY00755
FL01929,DLY00756
FL01930,DLY00757
FL01931,DLY00758
FL01932,DLY00759
FL01935,DLY00760
FL01937,DLY00761
FL01938,DLY00762
FL01939,DLY00763
FL01941,DLY00764
FL01942,DLY00765
FL01944,DLY00766
FL01945,DLY00767
FL01946,DLY00768
FL01948,DLY00769
FL01951,DLY00770
FL01952,DLY00771
FL01957,DLY00772
FL01958,DLY00773
FL01961,DLY00774
FL01964,DLY00775
FL01965,DLY00776
FL01967,DLY00777
FL01971,DLY00778
FL01972,DLY00779
FL01974,DLY00780
FL01975,DLY00781
FL01976,DLY00782
FL01978,DLY00783
FL01981,DLY00784
FL01983,DLY00785
FL01985,DLY00786
FL01990,DLY00787
FL01991,DLY00788
FL01993,DLY00789
FL01995,DLY00790
FL01996,DLY00791
FL01998,DLY00792
FL02001,DLY00793
FL02003,DLY00794
FL02008,DLY00795
FL02011,DLY00796
FL02012,DLY00797
FL02014,DLY00798
FL02020,DLY00799
FL02023,DLY00800
FL02029,DLY00801
FL02030,DLY00802
FL02033,DLY00803
FL02035,DLY00804
FL02036,DLY00805
FL02037,DLY00806
FL02039,DLY00807
FL02041,DLY00808
FL02042,DLY00809
FL02045,DLY00810
FL02054,DLY00811
FL02056,DLY00812
FL02057,DLY00813
FL02058,DLY00814
FL02060,DLY00815
FL02063,DLY00816
FL02064,DLY00817
FL02065,DLY00818
FL02066,DLY00819
FL02067,DLY00820
FL02069,DLY00821
FL02071,DLY00822
FL02072,DLY00823
FL02074,DLY00824
FL02075,DLY00825
FL02077,DLY00826
FL02088,DLY00827
FL02089,DLY00828
FL02090,DLY00829
FL02093,DLY00830
FL02094,DLY00831
FL02095,DLY00832
FL02098,DLY00833
FL02101,DLY00834
FL02102,DLY00835
FL02104,DLY00836
FL02105,DLY00837
FL02106,DLY00838
FL02109,DLY00839
FL02112,DLY00840
FL02113,DLY00841
FL02114,DLY00842
FL02115,DLY00843
FL02116,DLY00844
FL02123,DLY00845
FL02128,DLY00846
FL02129,DLY00847
FL02131,DLY00848
FL02132,DLY00849
FL02133,DLY00850
FL02136,DLY00851
FL02137,DLY00852
FL02138,DLY00853
FL02141,DLY00854
FL02142,DLY00855
FL02144,DLY00856
FL02147,DLY00857
FL02148,DLY00858
FL02150,DLY00859
FL02158,DLY00860
FL02159,DLY00861
FL02160,DLY00862
FL02161,DLY00863
FL02162,DLY00864
FL02164,DLY00865
FL02166,DLY00866
FL02171,DLY00867
FL02172,DLY00868
FL02174,DLY00869
FL02176,DLY00870
FL02177,DLY00871
FL02185,DLY00872
FL02186,DLY00873
FL02187,DLY00874
FL02188,DLY00875
FL02190,DLY00876
FL02193,DLY00877
FL02197,DLY00878
FL02198,DLY00879
FL02199,DLY00880
FL02202,DLY00881
FL02203,DLY00882
FL02206,DLY00883
FL02211,DLY00884
FL02212,DLY00885
FL02216,DLY00886
FL02220,DLY00887
FL02223,DLY00888
FL02225,DLY00889
FL02236,DLY00890
FL02238,DLY00891
FL02245,DLY00892
FL02247,DLY00893
FL02249,DLY00894
FL02252,DLY00895
FL02253,DLY00896
FL02254,DLY00897
FL02258,DLY00898
FL02261,DLY00899
FL02264,DLY00900
FL02265,DLY00901
FL02266,DLY00902
FL02267,DLY00903
FL02271,DLY00904
FL02274,DLY00905
FL02278,DLY00906
FL02279,DLY00907
FL02280,DLY00908
FL02282,DLY00909
FL02283,DLY00910
FL02287,DLY00911
FL02292,DLY00912
FL02295,DLY00913
FL02296,DLY00914
FL02297,DLY00915
FL02298,DLY00916
FL02300,DLY00917
FL02303,DLY00918
FL02310,DLY00919
FL02311,DLY00920
FL02312,DLY00921
FL02318,DLY00922
FL02319,DLY00923
FL02325,DLY00924
FL02327,DLY00925
FL02329,DLY00926
FL02331,DLY00927
FL02333,DLY00928
FL02334,DLY00929
FL02336,DLY00930
FL02338,DLY00931
FL02339,DLY00932
FL02341,DLY00933
FL02342,DLY00934
FL02343,DLY00935
FL02346,DLY00936
FL02350,DLY00937
FL02352,DLY00938
FL02356,DLY00939
FL02360,DLY00940
FL02365,DLY00941
FL02366,DLY00942
FL02369,DLY00943
FL02370,DLY00944
FL02373,DLY00945
FL02375,DLY00946
FL02378,DLY00947
FL02382,DLY00948
FL02384,DLY00949
FL02390,DLY00950
FL02396,DLY00951
FL02400,DLY00952
FL02405,DLY00953
FL02408,DLY00954
FL02409,DLY00955
FL02410,DLY00956
FL02411,DLY00957
FL02413,DLY00958
FL02414,DLY00959
FL02415,DLY00960
FL02416,DLY00961
FL02418,DLY00962
FL02419,DLY00963
FL02427,DLY00964
FL02429,DLY00965
FL02430,DLY00966
FL02432,DLY00967
FL02437,DLY00968
FL02440,DLY00969
FL02441,DLY00970
FL02443,DLY00971
FL02444,DLY00972
FL02445,DLY00973
FL02446,DLY00974
FL02447,DLY00975
FL02449,DLY00976
FL02450,DLY00977
FL02451,DLY00978
FL02453,DLY00979
FL02454,DLY00980
FL02456,DLY00981
FL02457,DLY00982
FL02458,DLY00983
FL02459,DLY00984
FL02462,DLY00985
FL02464,DLY00986
FL02465,DLY00987
FL02468,DLY00988
FL02469,DLY00989
FL02470,DLY00990
FL02471,DLY00991
FL02474,DLY00992
FL02475,DLY00993
FL02476,DLY00994
FL02478,DLY00995
FL02482,DLY00996
FL02487,DLY00997
FL02492,DLY00998
FL02493,DLY00999
FL02494,DLY01000
FL02495,DLY01001
FL02497,DLY01002
FL02501,DLY01003
FL02502,DLY01004
FL02503,DLY01005
FL02505,DLY01006
FL02506,DLY01007
FL02507,DLY01008
FL02508,DLY01009
FL02510,DLY01010
FL02511,DLY01011
FL02512,DLY01012
FL02513,DLY01013
FL02519,DLY01014
FL02520,DLY01015
FL02521,DLY01016
FL02522,DLY01017
FL02523,DLY01018
FL02524,DLY01019
FL02526,DLY01020
FL02527,DLY01021
FL02529,DLY01022
FL02530,DLY01023
FL02532,DLY01024
FL02533,DLY01025
FL02534,DLY01026
FL02537,DLY01027
FL02538,DLY01028
FL02541,DLY01029
FL02542,DLY01030
FL02547,DLY01031
FL02549,DLY01032
FL02553,DLY01033
FL02555,DLY01034
FL02559,DLY01035
FL02560,DLY01036
FL02563,DLY01037
FL02566,DLY01038
FL02567,DLY01039
FL02568,DLY01040
FL02575,DLY01041
FL02576,DLY01042
FL02579,DLY01043
FL02581,DLY01044
FL02583,DLY01045
FL02584,DLY01046
FL02585,DLY01047
FL02589,DLY01048
FL02590,DLY01049
FL02591,DLY01050
FL02592,DLY01051
FL02593,DLY01052
FL02594,DLY01053
FL02596,DLY01054
FL02597,DLY01055
FL02599,DLY01056
FL02600,DLY01057
FL02606,DLY01058
FL02607,DLY01059
FL02609,DLY01060
FL02610,DLY01061
FL02611,DLY01062
FL02613,DLY01063
FL02615,DLY01064
FL02616,DLY01065
FL02618,DLY01066
FL02621,DLY01067
FL02624,DLY01068
FL02625,DLY01069
FL02626,DLY01070
FL02627,DLY01071
FL02628,DLY01072
FL02629,DLY01073
FL02631,DLY01074
FL02632,DLY01075
FL02633,DLY01076
FL02634,DLY01077
FL02635,DLY01078
FL02637,DLY01079
FL02638,DLY01080
FL02639,DLY01081
FL02640,DLY01082
FL02641,DLY01083
FL02644,DLY01084
FL02646,DLY01085
FL02650,DLY01086
FL02652,DLY01087
FL02653,DLY01088
FL02654,DLY01089
FL02655,DLY01090
FL02656,DLY01091
FL02658,DLY01092
FL02661,DLY01093
FL02664,DLY01094
FL02666,DLY01095
FL02667,DLY01096
FL02670,DLY01097
FL02671,DLY01098
FL02672,DLY01099
FL02673,DLY01100
FL02674,DLY01101
FL02680,DLY01102
FL02681,DLY01103
FL02684,DLY01104
FL02685,DLY01105
FL02688,DLY01106
FL02689,DLY01107
FL02690,DLY01108
FL02693,DLY01109
FL02694,DLY01110
FL02695,DLY01111
FL02696,DLY01112
FL02699,DLY01113
FL02700,DLY01114
FL02706,DLY01115
FL02716,DLY01116
FL02717,DLY01117
FL02718,DLY01118
FL02724,DLY01119
FL02728,DLY01120
FL02729,DLY01121
FL02731,DLY01122
FL02732,DLY01123
FL02737,DLY01124
FL02740,DLY01125
FL02741,DLY01126
FL02743,DLY01127
FL02744,DLY01128
FL02746,DLY01129
FL02747,DLY01130
FL02751,DLY01131
FL02753,DLY01132
FL02754,DLY01133
FL02755,DLY01134
FL02756,DLY01135
FL02757,DLY01136
FL02758,DLY01137
FL02759,DLY01138
FL02761,DLY01139
FL02762,DLY01140
FL02766,DLY01141
FL02767,DLY01142
FL02770,DLY01143
FL02771,DLY01144
FL02773,DLY01145
FL02774,DLY01146
FL02775,DLY01147
FL02783,DLY01148
FL02785,DLY01149
FL02787,DLY01150
FL02790,DLY01151
FL02791,DLY01152
FL02792,DLY01153
FL02793,DLY01154
FL02796,DLY01155
FL02797,DLY01156
FL02799,DLY01157
FL02800,DLY01158
FL02801,DLY01159
FL02803,DLY01160
FL02805,DLY01161
FL02806,DLY01162
FL02810,DLY01163
FL02811,DLY01164
FL02812,DLY01165
FL02819,DLY01166
FL02821,DLY01167
FL02822,DLY01168
FL02823,DLY01169
FL02824,DLY01170
FL02826,DLY01171
FL02827,DLY01172
FL02828,DLY01173
FL02830,DLY01174
FL02835,DLY01175
FL02837,DLY01176
FL02838,DLY01177
FL02840,DLY01178
FL02842,DLY01179
FL02847,DLY01180
FL02848,DLY01181
FL02851,DLY01182
FL02852,DLY01183
FL02854,DLY01184
FL02855,DLY01185
FL02857,DLY01186
FL02858,DLY01187
FL02859,DLY01188
FL02860,DLY01189
FL02861,DLY01190
FL02862,DLY01191
FL02865,DLY01192
FL02868,DLY01193
FL02869,DLY01194
FL02871,DLY01195
FL02873,DLY01196
FL02876,DLY01197
FL02880,DLY01198
FL02885,DLY01199
FL02886,DLY01200
FL02887,DLY01201
FL02888,DLY01202
FL02889,DLY01203
FL02894,DLY01204
FL02896,DLY01205
FL02897,DLY01206
FL02898,DLY01207
FL02901,DLY01208
FL02903,DLY01209
FL02904,DLY01210
FL02905,DLY01211
FL02909,DLY01212
FL02913,DLY01213
FL02915,DLY01214
FL02916,DLY01215
FL02917,DLY01216
FL02918,DLY01217
FL02923,DLY01218
FL02924,DLY01219
FL02929,DLY01220
FL02934,DLY01221
FL02935,DLY01222
FL02936,DLY01223
FL02938,DLY01224
FL02939,DLY01225
FL02942,DLY01226
FL02943,DLY01227
FL02944,DLY01228
FL02947,DLY01229
FL02948,DLY01230
FL02950,DLY01231
FL02951,DLY01232
FL02952,DLY01233
FL02953,DLY01234
FL02954,DLY01235
FL02955,DLY01236
FL02958,DLY01237
FL02959,DLY01238
FL02960,DLY01239
FL02961,DLY01240
FL02962,DLY01241
FL02964,DLY01242
FL02965,DLY01243
FL02966,DLY01244
FL02967,DLY01245
FL02968,DLY01246
FL02969,DLY01247
FL02970,DLY01248
FL02971,DLY01249
FL02972,DLY01250
FL02975,DLY01251
FL02976,DLY01252
FL02978,DLY01253
FL02979,DLY01254
FL02980,DLY01255
FL02983,DLY01256
FL02986,DLY01257
FL02987,DLY01258
FL02990,DLY01259
FL02993,DLY01260
FL02995,DLY01261
FL02998,DLY01262
FL02999,DLY01263
FL03000,DLY01264
FL03001,DLY01265
FL03002,DLY01266
FL03003,DLY01267
FL03004,DLY01268
FL03005,DLY01269
FL03010,DLY01270
FL03011,DLY01271
FL03012,DLY01272
FL03015,DLY01273
FL03016,DLY01274
FL03017,DLY01275
FL03019,DLY01276
FL03022,DLY01277
FL03024,DLY01278
FL03026,DLY01279
FL03028,DLY01280
FL03036,DLY01281
FL03039,DLY01282
FL03042,DLY01283
FL03043,DLY01284
FL03046,DLY01285
FL03047,DLY01286
FL03050,DLY01287
FL03051,DLY01288
FL03055,DLY01289
FL03056,DLY01290
FL03060,DLY01291
FL03062,DLY01292
FL03064,DLY01293
FL03065,DLY01294
FL03066,DLY01295
FL03068,DLY01296
FL03069,DLY01297
FL03071,DLY01298
FL03072,DLY01299
FL03075,DLY01300
FL03076,DLY01301
FL03081,DLY01302
FL03088,DLY01303
FL03090,DLY01304
FL03093,DLY01305
FL03095,DLY01306
FL03097,DLY01307
FL03098,DLY01308
FL03099,DLY01309
FL03101,DLY01310
FL03102,DLY01311
FL03103,DLY01312
FL03105,DLY01313
FL03111,DLY01314
FL03112,DLY01315
FL03115,DLY01316
FL03117,DLY01317
FL03118,DLY01318
FL03120,DLY01319
FL03121,DLY01320
FL03122,DLY01321
FL03125,DLY01322
FL03129,DLY01323
FL03130,DLY01324
FL03131,DLY01325
FL03132,DLY01326
FL03133,DLY01327
FL03137,DLY01328
FL03140,DLY01329
FL03142,DLY01330
FL03144,DLY01331
FL03146,DLY01332
FL03149,DLY01333
FL03150,DLY01334
FL03152,DLY01335
FL03153,DLY01336
FL03155,DLY01337
FL03156,DLY01338
FL03158,DLY01339
FL03159,DLY01340
FL03161,DLY01341
FL03163,DLY01342
FL03164,DLY01343
FL03165,DLY01344
FL03166,DLY01345
FL03168,DLY01346
FL03169,DLY01347
FL03171,DLY01348
FL03172,DLY01349
FL03173,DLY01350
FL03174,DLY01351
FL03175,DLY01352
FL03178,DLY01353
FL03179,DLY01354
FL03180,DLY01355
FL03182,DLY01356
FL03183,DLY01357
FL03184,DLY01358
FL03187,DLY01359
FL03188,DLY01360
FL03192,DLY01361
FL03193,DLY01362
FL03196,DLY01363
FL03199,DLY01364
FL03204,DLY01365
FL03206,DLY01366
FL03207,DLY01367
FL03210,DLY01368
FL03211,DLY01369
FL03212,DLY01370
FL03216,DLY01371
FL03226,DLY01372
FL03227,DLY01373
FL03232,DLY01374
FL03233,DLY01375
FL03238,DLY01376
FL03240,DLY01377
FL03241,DLY01378
FL03243,DLY01379
FL03244,DLY01380
FL03247,DLY01381
FL03250,DLY01382
FL03252,DLY01383
FL03254,DLY01384
FL03255,DLY01385
FL03258,DLY01386
FL03260,DLY01387
FL03262,DLY01388
FL03267,DLY01389
FL03270,DLY01390
FL03275,DLY01391
FL03277,DLY01392
FL03280,DLY01393
FL03284,DLY01394
FL03285,DLY01395
FL03286,DLY01396
FL03290,DLY01397
FL03292,DLY01398
FL03293,DLY01399
FL03302,DLY01400
FL03303,DLY01401
FL03304,DLY01402
FL03305,DLY01403
FL03306,DLY01404
FL03312,DLY01405
FL03315,DLY01406
FL03316,DLY01407
FL03319,DLY01408
FL03321,DLY01409
FL03322,DLY01410
FL03327,DLY01411
FL03329,DLY01412
FL03332,DLY01413
FL03340,DLY01414
FL03344,DLY01415
FL03345,DLY01416
FL03346,DLY01417
FL03347,DLY01418
FL03348,DLY01419
FL03350,DLY01420
FL03351,DLY01421
FL03352,DLY01422
FL03354,DLY01423
FL03358,DLY01424
FL03366,DLY01425
FL03370,DLY01426
FL03373,DLY01427
FL03377,DLY01428
FL03395,DLY01429
FL03397,DLY01430
FL03398,DLY01431
FL03403,DLY01432
FL03405,DLY01433
FL03407,DLY01434
FL03408,DLY01435
FL03412,DLY01436
FL03417,DLY01437
FL03418,DLY01438
FL03420,DLY01439
FL03421,DLY01440
FL03423,DLY01441
FL03425,DLY01442
FL03426,DLY01443
FL03427,DLY01444
FL03428,DLY01445
FL03430,DLY01446
FL03432,DLY01447
FL03433,DLY01448
FL03435,DLY01449
FL03437,DLY01450
FL03438,DLY01451
FL03439,DLY01452
FL03440,DLY01453
FL03444,DLY01454
FL03448,DLY01455
FL03454,DLY01456
FL03458,DLY01457
FL03460,DLY01458
FL03461,DLY01459
FL03469,DLY01460
FL03471,DLY01461
FL03477,DLY01462
FL03478,DLY01463
FL03482,DLY01464
FL03486,DLY01465
FL03488,DLY01466
FL03490,DLY01467
FL03491,DLY01468
FL03494,DLY01469
FL03495,DLY01470
FL03497,DLY01471
FL03499,DLY01472
FL03501,DLY01473
FL03502,DLY01474
FL03505,DLY01475
FL03508,DLY01476
FL03512,DLY01477
FL03518,DLY01478
FL03519,DLY01479
FL03520,DLY01480
FL03521,DLY01481
FL03528,DLY01482
FL03533,DLY01483
FL03536,DLY01484
FL03539,DLY01485
FL03541,DLY01486
FL03542,DLY01487
FL03544,DLY01488
FL03545,DLY01489
FL03548,DLY01490
FL03553,DLY01491
FL03562,DLY01492
FL03564,DLY01493
FL03567,DLY01494
FL03569,DLY01495
FL03571,DLY01496
FL03572,DLY01497
FL03579,DLY01498
FL03582,DLY01499
FL03584,DLY01500
FL03585,DLY01501
FL03589,DLY01502
FL03590,DLY01503
FL03592,DLY01504
FL03596,DLY01505
FL03600,DLY01506
FL03601,DLY01507
FL03602,DLY01508
FL03604,DLY01509
FL03608,DLY01510
FL03609,DLY01511
FL03611,DLY01512
FL03617,DLY01513
FL03618,DLY01514
FL03623,DLY01515
FL03624,DLY01516
FL03625,DLY01517
FL03632,DLY01518
FL03633,DLY01519
FL03636,DLY01520
FL03637,DLY01521
FL03638,DLY01522
FL03639,DLY01523
FL03640,DLY01524
FL03641,DLY01525
FL03644,DLY01526
FL03647,DLY01527
FL03648,DLY01528
FL03649,DLY01529
FL03650,DLY01530
FL03651,DLY01531
FL03652,DLY01532
FL03653,DLY01533
FL03655,DLY01534
FL03658,DLY01535
FL03660,DLY01536
FL03667,DLY01537
FL03670,DLY01538
FL03676,DLY01539
FL03680,DLY01540
FL03682,DLY01541
FL03685,DLY01542
FL03686,DLY01543
FL03690,DLY01544
FL03691,DLY01545
FL03692,DLY01546
FL03695,DLY01547
FL03696,DLY01548
FL03697,DLY01549
FL03699,DLY01550
FL03703,DLY01551
FL03704,DLY01552
FL03705,DLY01553
FL03706,DLY01554
FL03707,DLY01555
FL03709,DLY01556
FL03711,DLY01557
FL03712,DLY01558
FL03715,DLY01559
FL03716,DLY01560
FL03718,DLY01561
FL03721,DLY01562
FL03726,DLY01563
FL03727,DLY01564
FL03732,DLY01565
FL03733,DLY01566
FL03736,DLY01567
FL03747,DLY01568
FL03750,DLY01569
FL03753,DLY01570
FL03759,DLY01571
FL03765,DLY01572
FL03766,DLY01573
FL03768,DLY01574
FL03769,DLY01575
FL03770,DLY01576
FL03771,DLY01577
FL03776,DLY01578
FL03779,DLY01579
FL03785,DLY01580
FL03787,DLY01581
FL03788,DLY01582
FL03789,DLY01583
FL03791,DLY01584
FL03793,DLY01585
FL03795,DLY01586
FL03799,DLY01587
FL03802,DLY01588
FL03803,DLY01589
FL03804,DLY01590
FL03809,DLY01591
FL03814,DLY01592
FL03815,DLY01593
FL03816,DLY01594
FL03818,DLY01595
FL03821,DLY01596
FL03822,DLY01597
FL03824,DLY01598
FL03826,DLY01599
FL03827,DLY01600
FL03831,DLY01601
FL03832,DLY01602
FL03835,DLY01603
FL03836,DLY01604
FL03846,DLY01605
FL03849,DLY01606
FL03850,DLY01607
FL03851,DLY01608
FL03861,DLY01609
FL03863,DLY01610
FL03865,DLY01611
FL03866,DLY01612
FL03867,DLY01613
FL03868,DLY01614
FL03869,DLY01615
FL03878,DLY01616
FL03881,DLY01617
FL03882,DLY01618
FL03883,DLY01619
FL03887,DLY01620
FL03890,DLY01621
FL03892,DLY01622
FL03893,DLY01623
FL03898,DLY01624
FL03899,DLY01625
FL03901,DLY01626
FL03904,DLY01627
FL03915,DLY01628
FL03919,DLY01629
FL03923,DLY01630
FL03924,DLY01631
FL03925,DLY01632
FL03930,DLY01633
FL03931,DLY01634
FL03933,DLY01635
FL03935,DLY01636
FL03938,DLY01637
FL03939,DLY01638
FL03940,DLY01639
FL03941,DLY01640
FL03942,DLY01641
FL03945,DLY01642
FL03947,DLY01643
FL03948,DLY01644
FL03953,DLY01645
FL03954,DLY01646
FL03955,DLY01647
FL03956,DLY01648
FL03959,DLY01649
FL03962,DLY01650
FL03963,DLY01651
FL03968,DLY01652
FL03970,DLY01653
FL03971,DLY01654
FL03976,DLY01655
FL03977,DLY01656
FL03978,DLY01657
FL03981,DLY01658
FL03986,DLY01659
FL03987,DLY01660
FL03989,DLY01661
FL03991,DLY01662
FL03992,DLY01663
FL03993,DLY01664
FL03994,DLY01665
FL03995,DLY01666
FL03996,DLY01667
FL03998,DLY01668
FL04000,DLY01669
FL04001,DLY01670
FL04006,DLY01671
FL04007,DLY01672
FL04009,DLY01673
FL04010,DLY01674
FL04011,DLY01675
FL04018,DLY01676
FL04019,DLY01677
FL04025,DLY01678
FL04029,DLY01679
FL04030,DLY01680
FL04040,DLY01681
FL04042,DLY01682
FL04050,DLY01683
FL04053,DLY01684
FL04054,DLY01685
FL04055,DLY01686
FL04061,DLY01687
FL04064,DLY01688
FL04071,DLY01689
FL04072,DLY01690
FL04074,DLY01691
FL04075,DLY01692
FL04076,DLY01693
FL04079,DLY01694
FL04081,DLY01695
FL04083,DLY01696
FL04084,DLY01697
FL04091,DLY01698
FL04093,DLY01699
FL04095,DLY01700
FL04098,DLY01701
FL04102,DLY01702
FL04103,DLY01703
FL04104,DLY01704
FL04111,DLY01705
FL04113,DLY01706
FL04114,DLY01707
FL04115,DLY01708
FL04117,DLY01709
FL04118,DLY01710
FL04119,DLY01711
FL04120,DLY01712
FL04126,DLY01713
FL04131,DLY01714
FL04132,DLY01715
FL04135,DLY01716
FL04138,DLY01717
FL04140,DLY01718
FL04144,DLY01719
FL04146,DLY01720
FL04150,DLY01721
FL04151,DLY01722
FL04153,DLY01723
FL04154,DLY01724
FL04155,DLY01725
FL04163,DLY01726
FL04165,DLY01727
FL04169,DLY01728
FL04174,DLY01729
FL04175,DLY01730
FL04177,DLY01731
FL04178,DLY01732
FL04181,DLY01733
FL04182,DLY01734
FL04183,DLY01735
FL04184,DLY01736
FL04188,DLY01737
FL04194,DLY01738
FL04198,DLY01739
FL04209,DLY01740
FL04217,DLY01741
FL04218,DLY01742
FL04220,DLY01743
FL04227,DLY01744
FL04229,DLY01745
FL04230,DLY01746
FL04231,DLY01747
FL04233,DLY01748
FL04235,DLY01749
FL04238,DLY01750
FL04248,DLY01751
FL04258,DLY01752
FL04259,DLY01753
FL04260,DLY01754
FL04263,DLY01755
FL04264,DLY01756
FL04265,DLY01757
FL04267,DLY01758
FL04269,DLY01759
FL04272,DLY01760
FL04281,DLY01761
FL04282,DLY01762
FL04286,DLY01763
FL04287,DLY01764
FL04289,DLY01765
FL04290,DLY01766
FL04291,DLY01767
FL04292,DLY01768
FL04299,DLY01769
FL04301,DLY01770
FL04305,DLY01771
FL04307,DLY01772
FL04308,DLY01773
FL04312,DLY01774
FL04314,DLY01775
FL04318,DLY01776
FL04320,DLY01777
FL04324,DLY01778
FL04325,DLY01779
FL04327,DLY01780
FL04328,DLY01781
FL04330,DLY01782
FL04333,DLY01783
FL04335,DLY01784
FL04336,DLY01785
FL04341,DLY01786
FL04343,DLY01787
FL04344,DLY01788
FL04345,DLY01789
FL04349,DLY01790
FL04351,DLY01791
FL04353,DLY01792
FL04358,DLY01793
FL04361,DLY01794
FL04365,DLY01795
FL04372,DLY01796
FL04379,DLY01797
FL04384,DLY01798
FL04386,DLY01799
FL04388,DLY01800
FL04393,DLY01801
FL04394,DLY01802
FL04398,DLY01803
FL04403,DLY01804
FL04405,DLY01805
FL04406,DLY01806
FL04408,DLY01807
FL04413,DLY01808
FL04414,DLY01809
FL04422,DLY01810
FL04424,DLY01811
FL04427,DLY01812
FL04431,DLY01813
FL04433,DLY01814
FL04439,DLY01815
FL04443,DLY01816
FL04444,DLY01817
FL04445,DLY01818
FL04449,DLY01819
FL04451,DLY01820
FL04452,DLY01821
FL04453,DLY01822
FL04454,DLY01823
FL04458,DLY01824
FL04459,DLY01825
FL04460,DLY01826
FL04461,DLY01827
FL04465,DLY01828
FL04466,DLY01829
FL04467,DLY01830
FL04474,DLY01831
FL04475,DLY01832
FL04477,DLY01833
FL04482,DLY01834
FL04487,DLY01835
FL04488,DLY01836
FL04490,DLY01837
FL04495,DLY01838
FL04496,DLY01839
FL04497,DLY01840
FL04498,DLY01841
FL04506,DLY01842
FL04507,DLY01843
FL04509,DLY01844
FL04510,DLY01845
FL04513,DLY01846
FL04516,DLY01847
FL04517,DLY01848
FL04522,DLY01849
FL04523,DLY01850
FL04525,DLY01851
FL04526,DLY01852
FL04528,DLY01853
FL04529,DLY01854
FL04531,DLY01855
FL04535,DLY01856
FL04537,DLY01857
FL04540,DLY01858
FL04542,DLY01859
FL04543,DLY01860
FL04544,DLY01861
FL04545,DLY01862
FL04547,DLY01863
FL04549,DLY01864
FL04552,DLY01865
FL04553,DLY01866
FL04560,DLY01867
FL04561,DLY01868
FL04564,DLY01869
FL04565,DLY01870
FL04568,DLY01871
FL04569,DLY01872
FL04570,DLY01873
FL04573,DLY01874
FL04574,DLY01875
FL04575,DLY01876
FL04576,DLY01877
FL04578,DLY01878
FL04580,DLY01879
FL04581,DLY01880
FL04588,DLY01881
FL04590,DLY01882
FL04591,DLY01883
FL04592,DLY01884
FL04595,DLY01885
FL04599,DLY01886
FL04600,DLY01887
FL04601,DLY01888
FL04602,DLY01889
FL04608,DLY01890
FL04609,DLY01891
FL04611,DLY01892
FL04613,DLY01893
FL04614,DLY01894
FL04615,DLY01895
FL04618,DLY01896
FL04619,DLY01897
FL04624,DLY01898
FL04625,DLY01899
FL04628,DLY01900
FL04631,DLY01901
FL04633,DLY01902
FL04634,DLY01903
FL04635,DLY01904
FL04636,DLY01905
FL04637,DLY01906
FL04638,DLY01907
FL04642,DLY01908
FL04647,DLY01909
FL04649,DLY01910
FL04651,DLY01911
FL04652,DLY01912
FL04653,DLY01913
FL04656,DLY01914
FL04661,DLY01915
FL04663,DLY01916
FL04665,DLY01917
FL04666,DLY01918
FL04667,DLY01919
FL04668,DLY01920
FL04669,DLY01921
FL04671,DLY01922
FL04673,DLY01923
FL04674,DLY01924
FL04676,DLY01925
FL04677,DLY01926
FL04678,DLY01927
FL04680,DLY01928
FL04683,DLY01929
FL04684,DLY01930
FL04685,DLY01931
FL04686,DLY01932
FL04687,DLY01933
FL04689,DLY01934
FL04690,DLY01935
FL04696,DLY01936
FL04699,DLY01937
FL04700,DLY01938
FL04701,DLY01939
FL04707,DLY01940
FL04708,DLY01941
FL04710,DLY01942
FL04714,DLY01943
FL04716,DLY01944
FL04718,DLY01945
FL04719,DLY01946
FL04722,DLY01947
FL04723,DLY01948
FL04724,DLY01949
FL04725,DLY01950
FL04726,DLY01951
FL04727,DLY01952
FL04730,DLY01953
FL04732,DLY01954
FL04735,DLY01955
FL04736,DLY01956
FL04737,DLY01957
FL04738,DLY01958
FL04739,DLY01959
FL04740,DLY01960
FL04741,DLY01961
FL04742,DLY01962
FL04744,DLY01963
FL04746,DLY01964
FL04747,DLY01965
FL04748,DLY01966
FL04751,DLY01967
FL04752,DLY01968
FL04754,DLY01969
FL04756,DLY01970
FL04758,DLY01971
FL04760,DLY01972
FL04762,DLY01973
FL04763,DLY01974
FL04764,DLY01975
FL04768,DLY01976
FL04772,DLY01977
FL04773,DLY01978
FL04775,DLY01979
FL04777,DLY01980
FL04778,DLY01981
FL04779,DLY01982
FL04781,DLY01983
FL04784,DLY01984
FL04789,DLY01985
FL04790,DLY01986
FL04792,DLY01987
FL04794,DLY01988
FL04796,DLY01989
FL04797,DLY01990
FL04799,DLY01991
FL04801,DLY01992
FL04803,DLY01993
FL04804,DLY01994
FL04806,DLY01995
FL04808,DLY01996
FL04810,DLY01997
FL04812,DLY01998
FL04814,DLY01999
FL04822,DLY02000
FL04823,DLY02001
FL04824,DLY02002
FL04827,DLY02003
FL04829,DLY02004
FL04830,DLY02005
FL04831,DLY02006
FL04832,DLY02007
FL04837,DLY02008
FL04839,DLY02009
FL04842,DLY02010
FL04843,DLY02011
FL04844,DLY02012
FL04846,DLY02013
FL04855,DLY02014
FL04856,DLY02015
FL04857,DLY02016
FL04858,DLY02017
FL04859,DLY02018
FL04860,DLY02019
FL04861,DLY02020
FL04866,DLY02021
FL04871,DLY02022
FL04874,DLY02023
FL04875,DLY02024
FL04876,DLY02025
FL04878,DLY02026
FL04880,DLY02027
FL04881,DLY02028
FL04882,DLY02029
FL04887,DLY02030
FL04894,DLY02031
FL04896,DLY02032
FL04903,DLY02033
FL04905,DLY02034
FL04907,DLY02035
FL04908,DLY02036
FL04910,DLY02037
FL04913,DLY02038
FL04915,DLY02039
FL04922,DLY02040
FL04923,DLY02041
FL04924,DLY02042
FL04927,DLY02043
FL04928,DLY02044
FL04936,DLY02045
FL04943,DLY02046
FL04946,DLY02047
FL04950,DLY02048
FL04951,DLY02049
FL04958,DLY02050
FL04962,DLY02051
FL04966,DLY02052
FL04967,DLY02053
FL04972,DLY02054
FL04980,DLY02055
FL04983,DLY02056
FL04984,DLY02057
FL04987,DLY02058
FL04989,DLY02059
FL04990,DLY02060
FL04995,DLY02061
FL04998,DLY02062
FL05005,DLY02063
FL05010,DLY02064
FL05012,DLY02065
FL05016,DLY02066
FL05021,DLY02067
FL05027,DLY02068
FL05028,DLY02069
FL05030,DLY02070
FL05031,DLY02071
FL05033,DLY02072
FL05035,DLY02073
FL05039,DLY02074
FL05042,DLY02075
FL05043,DLY02076
FL05046,DLY02077
FL05047,DLY02078
FL05048,DLY02079
FL05050,DLY02080
FL05054,DLY02081
FL05056,DLY02082
FL05064,DLY02083
FL05065,DLY02084
FL05066,DLY02085
FL05067,DLY02086
FL05068,DLY02087
FL05070,DLY02088
FL05075,DLY02089
FL05077,DLY02090
FL05080,DLY02091
FL05081,DLY02092
FL05084,DLY02093
FL05089,DLY02094
FL05091,DLY02095
FL05092,DLY02096
FL05095,DLY02097
FL05097,DLY02098
FL05099,DLY02099
FL05100,DLY02100
FL05101,DLY02101
FL05102,DLY02102
FL05104,DLY02103
FL05105,DLY02104
FL05106,DLY02105
FL05107,DLY02106
FL05110,DLY02107
FL05112,DLY02108
FL05116,DLY02109
FL05120,DLY02110
FL05121,DLY02111
FL05122,DLY02112
FL05123,DLY02113
FL05125,DLY02114
FL05126,DLY02115
FL05132,DLY02116
FL05134,DLY02117
FL05135,DLY02118
FL05138,DLY02119
FL05142,DLY02120
FL05143,DLY02121
FL05144,DLY02122
FL05145,DLY02123
FL05146,DLY02124
FL05148,DLY02125
FL05149,DLY02126
FL05152,DLY02127
FL05153,DLY02128
FL05155,DLY02129
FL05157,DLY02130
FL05158,DLY02131
FL05160,DLY02132
FL05162,DLY02133
FL05163,DLY02134
FL05164,DLY02135
FL05165,DLY02136
FL05168,DLY02137
FL05169,DLY02138
FL05171,DLY02139
FL05176,DLY02140
FL05177,DLY02141
FL05178,DLY02142
FL05181,DLY02143
FL05182,DLY02144
FL05183,DLY02145
FL05184,DLY02146
FL05185,DLY02147
FL05189,DLY02148
FL05191,DLY02149
FL05197,DLY02150
FL05202,DLY02151
FL05204,DLY02152
FL05205,DLY02153
FL05208,DLY02154
FL05210,DLY02155
FL05214,DLY02156
FL05218,DLY02157
FL05220,DLY02158
FL05222,DLY02159
FL05223,DLY02160
FL05231,DLY02161
FL05234,DLY02162
FL05237,DLY02163
FL05240,DLY02164
FL05242,DLY02165
FL05244,DLY02166
FL05246,DLY02167
FL05251,DLY02168
FL05253,DLY02169
FL05256,DLY02170
FL05258,DLY02171
FL05264,DLY02172
FL05267,DLY02173
FL05269,DLY02174
FL05270,DLY02175
FL05273,DLY02176
FL05274,DLY02177
FL05276,DLY02178
FL05277,DLY02179
FL05281,DLY02180
FL05282,DLY02181
FL05287,DLY02182
FL05288,DLY02183
FL05293,DLY02184
FL05295,DLY02185
FL05296,DLY02186
FL05297,DLY02187
FL05303,DLY02188
FL05308,DLY02189
FL05313,DLY02190
FL05315,DLY02191
FL05318,DLY02192
FL05319,DLY02193
FL05335,DLY02194
FL05337,DLY02195
FL05340,DLY02196
FL05343,DLY02197
FL05344,DLY02198
FL05345,DLY02199
FL05346,DLY02200
FL05347,DLY02201
FL05348,DLY02202
FL05349,DLY02203
FL05353,DLY02204
FL05357,DLY02205
FL05360,DLY02206
FL05362,DLY02207
FL05364,DLY02208
FL05366,DLY02209
FL05367,DLY02210
FL05368,DLY02211
FL05372,DLY02212
FL05375,DLY02213
FL05376,DLY02214
FL05385,DLY02215
FL05388,DLY02216
FL05392,DLY02217
FL05399,DLY02218
FL05400,DLY02219
FL05401,DLY02220
FL05403,DLY02221
FL05406,DLY02222
FL05408,DLY02223
FL05411,DLY02224
FL05415,DLY02225
FL05416,DLY02226
FL05417,DLY02227
FL05420,DLY02228
FL05423,DLY02229
FL05426,DLY02230
FL05427,DLY02231
FL05428,DLY02232
FL05429,DLY02233
FL05430,DLY02234
FL05431,DLY02235
FL05432,DLY02236
FL05433,DLY02237
FL05443,DLY02238
FL05445,DLY02239
FL05448,DLY02240
FL05449,DLY02241
FL05452,DLY02242
FL05456,DLY02243
FL05463,DLY02244
FL05465,DLY02245
FL05466,DLY02246
FL05467,DLY02247
FL05468,DLY02248
FL05470,DLY02249
FL05474,DLY02250
FL05478,DLY02251
FL05479,DLY02252
FL05484,DLY02253
FL05486,DLY02254
FL05488,DLY02255
FL05491,DLY02256
FL05492,DLY02257
FL05493,DLY02258
FL05494,DLY02259
FL05498,DLY02260
FL05504,DLY02261
FL05505,DLY02262
FL05506,DLY02263
FL05507,DLY02264
FL05508,DLY02265
FL05509,DLY02266
FL05510,DLY02267
FL05511,DLY02268
FL05512,DLY02269
FL05513,DLY02270
FL05514,DLY02271
FL05517,DLY02272
FL05518,DLY02273
FL05519,DLY02274
FL05521,DLY02275
FL05522,DLY02276
FL05525,DLY02277
FL05527,DLY02278
FL05530,DLY02279
FL05531,DLY02280
FL05538,DLY02281
FL05540,DLY02282
FL05544,DLY02283
FL05545,DLY02284
FL05546,DLY02285
FL05550,DLY02286
FL05553,DLY02287
FL05554,DLY02288
FL05557,DLY02289
FL05563,DLY02290
FL05565,DLY02291
FL05566,DLY02292
FL05567,DLY02293
FL05570,DLY02294
FL05572,DLY02295
FL05574,DLY02296
FL05578,DLY02297
FL05582,DLY02298
FL05583,DLY02299
FL05584,DLY02300
FL05587,DLY02301
FL05589,DLY02302
FL05590,DLY02303
FL05593,DLY02304
FL05596,DLY02305
FL05602,DLY02306
FL05606,DLY02307
FL05608,DLY02308
FL05609,DLY02309
FL05615,DLY02310
FL05617,DLY02311
FL05619,DLY02312
FL05623,DLY02313
FL05629,DLY02314
FL05630,DLY02315
FL05638,DLY02316
FL05642,DLY02317
FL05643,DLY02318
FL05644,DLY02319
FL05645,DLY02320
FL05647,DLY02321
FL05649,DLY02322
FL05651,DLY02323
FL05653,DLY02324
FL05655,DLY02325
FL05658,DLY02326
FL05659,DLY02327
FL05660,DLY02328
FL05661,DLY02329
FL05662,DLY02330
FL05663,DLY02331
FL05664,DLY02332
FL05666,DLY02333
FL05667,DLY02334
FL05669,DLY02335
FL05681,DLY02336
FL05684,DLY02337
FL05685,DLY02338
FL05687,DLY02339
FL05691,DLY02340
FL05700,DLY02341
FL05704,DLY02342
FL05716,DLY02343
FL05719,DLY02344
FL05724,DLY02345
FL05728,DLY02346
FL05729,DLY02347
FL05731,DLY02348
FL05737,DLY02349
FL05740,DLY02350
FL05741,DLY02351
FL05743,DLY02352
FL05746,DLY02353
FL05750,DLY02354
FL05751,DLY02355
FL05758,DLY02356
FL05759,DLY02357
FL05761,DLY02358
FL05762,DLY02359
FL05764,DLY02360
FL05773,DLY02361
FL05777,DLY02362
FL05789,DLY02363
FL05790,DLY02364
FL05795,DLY02365
FL05797,DLY02366
FL05798,DLY02367
FL05799,DLY02368
FL05800,DLY02369
FL05805,DLY02370
FL05814,DLY02371
FL05816,DLY02372
FL05817,DLY02373
FL05820,DLY02374
FL05821,DLY02375
FL05822,DLY02376
FL05823,DLY02377
FL05831,DLY02378
FL05833,DLY02379
FL05834,DLY02380
FL05839,DLY02381
FL05842,DLY02382
FL05843,DLY02383
FL05847,DLY02384
FL05853,DLY02385
FL05855,DLY02386
FL05857,DLY02387
FL05859,DLY02388
FL05860,DLY02389
FL05863,DLY02390
FL05868,DLY02391
FL05871,DLY02392
FL05872,DLY02393
FL05882,DLY02394
FL05884,DLY02395
FL05885,DLY02396
FL05886,DLY02397
FL05894,DLY02398
FL05895,DLY02399
FL05897,DLY02400
FL05906,DLY02401
FL05907,DLY02402
FL05910,DLY02403
FL05913,DLY02404
FL05915,DLY02405
FL05916,DLY02406
FL05917,DLY02407
FL05920,DLY02408
FL05922,DLY02409
FL05924,DLY02410
FL05928,DLY02411
FL05931,DLY02412
FL05933,DLY02413
FL05934,DLY02414
FL05938,DLY02415
FL05939,DLY02416
FL05942,DLY02417
FL05944,DLY02418
FL05945,DLY02419
FL05946,DLY02420
FL05947,DLY02421
FL05948,DLY02422
FL05949,DLY02423
FL05952,DLY02424
FL05958,DLY02425
FL05959,DLY02426
FL05961,DLY02427
FL05962,DLY02428
FL05963,DLY02429
FL05967,DLY02430
FL05968,DLY02431
FL05969,DLY02432
FL05971,DLY02433
FL05975,DLY02434
FL05976,DLY02435
FL05981,DLY02436
FL05982,DLY02437
FL05986,DLY02438
FL05987,DLY02439
FL05989,DLY02440
FL05993,DLY02441
FL05994,DLY02442
FL05995,DLY02443
FL05996,DLY02444
FL05997,DLY02445
FL05998,DLY02446
FL05999,DLY02447
FL06001,DLY02448
FL06002,DLY02449
FL06003,DLY02450
FL06004,DLY02451
FL06005,DLY02452
FL06006,DLY02453
FL06008,DLY02454
FL06009,DLY02455
FL06010,DLY02456
FL06012,DLY02457
FL06020,DLY02458
FL06022,DLY02459
FL06025,DLY02460
FL06027,DLY02461
FL06029,DLY02462
FL06030,DLY02463
FL06031,DLY02464
FL06036,DLY02465
FL06037,DLY02466
FL06040,DLY02467
FL06041,DLY02468
FL06042,DLY02469
FL06043,DLY02470
FL06044,DLY02471
FL06048,DLY02472
FL06051,DLY02473
FL06052,DLY02474
FL06054,DLY02475
FL06063,DLY02476
FL06065,DLY02477
FL06072,DLY02478
FL06084,DLY02479
FL06085,DLY02480
FL06086,DLY02481
FL06088,DLY02482
FL06096,DLY02483
FL06099,DLY02484
FL06102,DLY02485
FL06103,DLY02486
FL06104,DLY02487
FL06105,DLY02488
FL06108,DLY02489
FL06109,DLY02490
FL06110,DLY02491
FL06111,DLY02492
FL06112,DLY02493
FL06113,DLY02494
FL06125,DLY02495
FL06126,DLY02496
FL06128,DLY02497
FL06151,DLY02498
FL06156,DLY02499
FL06165,DLY02500
FL06168,DLY02501
FL06171,DLY02502
FL06178,DLY02503
FL06182,DLY02504
FL06189,DLY02505
FL06190,DLY02506
FL06194,DLY02507
FL06195,DLY02508
FL06196,DLY02509
FL06197,DLY02510
FL06200,DLY02511
FL06201,DLY02512
FL06202,DLY02513
FL06204,DLY02514
FL06206,DLY02515
FL06209,DLY02516
FL06210,DLY02517
FL06212,DLY02518
FL06225,DLY02519
FL06226,DLY02520
FL06228,DLY02521
FL06230,DLY02522
FL06232,DLY02523
FL06240,DLY02524
FL06242,DLY02525
FL06245,DLY02526
FL06248,DLY02527
FL06250,DLY02528
FL06256,DLY02529
FL06260,DLY02530
FL06261,DLY02531
FL06265,DLY02532
FL06267,DLY02533
FL06275,DLY02534
FL06283,DLY02535
FL06284,DLY02536
FL06285,DLY02537
FL06288,DLY02538
FL06297,DLY02539
FL06300,DLY02540
FL06301,DLY02541
FL06304,DLY02542
FL06306,DLY02543
FL06313,DLY02544
FL06314,DLY02545
FL06316,DLY02546
FL06319,DLY02547
FL06320,DLY02548
FL06321,DLY02549
FL06322,DLY02550
FL06328,DLY02551
FL06334,DLY02552
FL06335,DLY02553
FL06336,DLY02554
FL06337,DLY02555
FL06342,DLY02556
FL06345,DLY02557
FL06355,DLY02558
FL06363,DLY02559
FL06364,DLY02560
FL06372,DLY02561
FL06377,DLY02562
FL06382,DLY02563
FL06387,DLY02564
FL06399,DLY02565
FL06404,DLY02566
FL06415,DLY02567
FL06417,DLY02568
FL06419,DLY02569
FL06422,DLY02570
FL06427,DLY02571
FL06433,DLY02572
FL06435,DLY02573
FL06438,DLY02574
FL06439,DLY02575
FL06444,DLY02576
FL06446,DLY02577
FL06448,DLY02578
FL06449,DLY02579
FL06450,DLY02580
FL06451,DLY02581
FL06455,DLY02582
FL06459,DLY02583
FL06467,DLY02584
FL06469,DLY02585
FL06470,DLY02586
FL06471,DLY02587
FL06491,DLY02588
FL06492,DLY02589
FL06493,DLY02590
FL06503,DLY02591
FL06504,DLY02592
FL06507,DLY02593
FL06509,DLY02594
FL06510,DLY02595
FL06512,DLY02596
FL06518,DLY02597
FL06522,DLY02598
FL06523,DLY02599
FL06527,DLY02600
FL06531,DLY02601
FL06536,DLY02602
FL06537,DLY02603
FL06538,DLY02604
FL06541,DLY02605
FL06544,DLY02606
FL06545,DLY02607
FL06549,DLY02608
FL06554,DLY02609
FL06557,DLY02610
FL06560,DLY02611
FL06561,DLY02612
FL06571,DLY02613
FL06574,DLY02614
FL06577,DLY02615
FL06578,DLY02616
FL06582,DLY02617
FL06588,DLY02618
FL06594,DLY02619
FL06612,DLY02620
FL06613,DLY02621
FL06614,DLY02622
FL06619,DLY02623
FL06620,DLY02624
FL06628,DLY02625
FL06632,DLY02626
FL06639,DLY02627
FL06640,DLY02628
FL06643,DLY02629
FL06654,DLY02630
FL06655,DLY02631
FL06658,DLY02632
FL06661,DLY02633
FL06663,DLY02634
FL06666,DLY02635
FL06674,DLY02636
FL06679,DLY02637
FL06680,DLY02638
FL06681,DLY02639
FL06685,DLY02640
FL06688,DLY02641
FL06689,DLY02642
FL06693,DLY02643
FL06696,DLY02644
FL06703,DLY02645
FL06704,DLY02646
FL06709,DLY02647
FL06711,DLY02648
FL06712,DLY02649
FL06715,DLY02650
FL06716,DLY02651
FL06719,DLY02652
FL06721,DLY02653
FL06724,DLY02654
FL06731,DLY02655
FL06734,DLY02656
FL06755,DLY02657
FL06757,DLY02658
FL06759,DLY02659
FL06760,DLY02660
FL06761,DLY02661
FL06768,DLY02662
FL06774,DLY02663
FL06776,DLY02664
FL06787,DLY02665
FL06792,DLY02666
FL06810,DLY02667
FL06811,DLY02668
FL06818,DLY02669
FL06821,DLY02670
FL06823,DLY02671
FL06824,DLY02672
FL06825,DLY02673
FL06831,DLY02674
FL06838,DLY02675
FL06842,DLY02676
FL06853,DLY02677
FL06854,DLY02678
FL06859,DLY02679
FL06864,DLY02680
FL06867,DLY02681
FL06870,DLY02682
FL06872,DLY02683
FL06874,DLY02684
FL06876,DLY02685
FL06878,DLY02686
FL06882,DLY02687
FL06886,DLY02688
FL06887,DLY02689
FL06889,DLY02690
FL06894,DLY02691
FL06897,DLY02692
FL06904,DLY02693
FL06905,DLY02694
FL06907,DLY02695
FL06908,DLY02696
FL06909,DLY02697
FL06910,DLY02698
FL06913,DLY02699
FL06915,DLY02700
FL06925,DLY02701
FL06928,DLY02702
FL06929,DLY02703
FL06935,DLY02704
FL06940,DLY02705
FL06946,DLY02706
FL06951,DLY02707
FL06954,DLY02708
FL06958,DLY02709
FL06960,DLY02710
FL06962,DLY02711
FL06963,DLY02712
FL06964,DLY02713
FL06967,DLY02714
FL06972,DLY02715
FL06974,DLY02716
FL06975,DLY02717
FL06978,DLY02718
FL06981,DLY02719
FL06985,DLY02720
FL06986,DLY02721
FL06989,DLY02722
FL06990,DLY02723
FL06993,DLY02724
FL06996,DLY02725
FL07005,DLY02726
FL07007,DLY02727
FL07008,DLY02728
FL07009,DLY02729
FL07010,DLY02730
FL07014,DLY02731
FL07015,DLY02732
FL07023,DLY02733
FL07025,DLY02734
FL07031,DLY02735
FL07045,DLY02736
FL07050,DLY02737
FL07051,DLY02738
FL07052,DLY02739
FL07053,DLY02740
FL07058,DLY02741
FL07067,DLY02742
FL07074,DLY02743
FL07075,DLY02744
FL07082,DLY02745
FL07086,DLY02746
FL07098,DLY02747
FL07100,DLY02748
FL07104,DLY02749
FL07109,DLY02750
FL07111,DLY02751
FL07120,DLY02752
FL07124,DLY02753
FL07125,DLY02754
FL07126,DLY02755
FL07130,DLY02756
FL07131,DLY02757
FL07132,DLY02758
FL07144,DLY02759
FL07151,DLY02760
FL07152,DLY02761
FL07154,DLY02762
FL07156,DLY02763
FL07157,DLY02764
FL07163,DLY02765
FL07165,DLY02766
FL07172,DLY02767
FL07177,DLY02768
FL07181,DLY02769
FL07184,DLY02770
FL07188,DLY02771
FL07201,DLY02772
FL07213,DLY02773
FL07216,DLY02774
FL07223,DLY02775
FL07224,DLY02776
FL07226,DLY02777
FL07228,DLY02778
FL07232,DLY02779
FL07233,DLY02780
FL07244,DLY02781
FL07245,DLY02782
FL07247,DLY02783
FL07248,DLY02784
FL07250,DLY02785
FL07252,DLY02786
FL07254,DLY02787
FL07261,DLY02788
FL07263,DLY02789
FL07264,DLY02790
FL07267,DLY02791
FL07270,DLY02792
FL07271,DLY02793
FL07272,DLY02794
FL07274,DLY02795
FL07276,DLY02796
FL07277,DLY02797
FL07281,DLY02798
FL07284,DLY02799
FL07285,DLY02800
FL07287,DLY02801
FL07289,DLY02802
FL07290,DLY02803
FL07291,DLY02804
FL07294,DLY02805
FL07300,DLY02806
FL07303,DLY02807
FL07304,DLY02808
FL07307,DLY02809
FL07308,DLY02810
FL07309,DLY02811
FL07311,DLY02812
FL07316,DLY02813
FL07317,DLY02814
FL07318,DLY02815
FL07320,DLY02816
FL07323,DLY02817
FL07328,DLY02818
FL07329,DLY02819
FL07333,DLY02820
FL07335,DLY02821
FL07344,DLY02822
FL07346,DLY02823
FL07348,DLY02824
FL07349,DLY02825
FL07351,DLY02826
FL07355,DLY02827
FL07356,DLY02828
FL07362,DLY02829
FL07370,DLY02830
FL07372,DLY02831
FL07373,DLY02832
FL07376,DLY02833
FL07378,DLY02834
FL07381,DLY02835
FL07382,DLY02836
FL07385,DLY02837
FL07390,DLY02838
FL07392,DLY02839
FL07393,DLY02840
FL07395,DLY02841
FL07399,DLY02842
FL07401,DLY02843
FL07405,DLY02844
FL07406,DLY02845
FL07407,DLY02846
FL07408,DLY02847
FL07416,DLY02848
FL07417,DLY02849
FL07421,DLY02850
FL07424,DLY02851
FL07426,DLY02852
FL07429,DLY02853
FL07432,DLY02854
FL07433,DLY02855
FL07434,DLY02856
FL07435,DLY02857
FL07439,DLY02858
FL07440,DLY02859
FL07451,DLY02860
FL07452,DLY02861
FL07454,DLY02862
FL07455,DLY02863
FL07462,DLY02864
FL07463,DLY02865
FL07464,DLY02866
FL07465,DLY02867
FL07467,DLY02868
FL07469,DLY02869
FL07473,DLY02870
FL07477,DLY02871
FL07478,DLY02872
FL07479,DLY02873
FL07480,DLY02874
FL07486,DLY02875
FL07487,DLY02876
FL07492,DLY02877
FL07493,DLY02878
FL07496,DLY02879
FL07497,DLY02880
FL07501,DLY02881
FL07502,DLY02882
FL07503,DLY02883
FL07507,DLY02884
FL07510,DLY02885
FL07511,DLY02886
FL07513,DLY02887
FL07518,DLY02888
FL07520,DLY02889
FL07521,DLY02890
FL07522,DLY02891
FL07523,DLY02892
FL07528,DLY02893
FL07531,DLY02894
FL07534,DLY02895
FL07538,DLY02896
FL07539,DLY02897
FL07542,DLY02898
FL07543,DLY02899
FL07544,DLY02900
FL07547,DLY02901
FL07555,DLY02902
FL07558,DLY02903
FL07562,DLY02904
FL07563,DLY02905
FL07564,DLY02906
FL07566,DLY02907
FL07567,DLY02908
FL07568,DLY02909
FL07578,DLY02910
FL07582,DLY02911
FL07584,DLY02912
FL07592,DLY02913
FL07594,DLY02914
FL07596,DLY02915
FL07598,DLY02916
FL07602,DLY02917
FL07606,DLY02918
FL07607,DLY02919
FL07610,DLY02920
FL07611,DLY02921
FL07612,DLY02922
FL07619,DLY02923
FL07625,DLY02924
FL07629,DLY02925
FL07631,DLY02926
FL07632,DLY02927
FL07633,DLY02928
FL07636,DLY02929
FL07637,DLY02930
FL07638,DLY02931
FL07641,DLY02932
FL07642,DLY02933
FL07644,DLY02934
FL07650,DLY02935
FL07653,DLY02936
FL07654,DLY02937
FL07656,DLY02938
FL07658,DLY02939
FL07659,DLY02940
FL07661,DLY02941
FL07663,DLY02942
FL07665,DLY02943
FL07667,DLY02944
FL07668,DLY02945
FL07673,DLY02946
FL07675,DLY02947
FL07678,DLY02948
FL07680,DLY02949
FL07683,DLY02950
FL07684,DLY02951
FL07685,DLY02952
FL07688,DLY02953
FL07692,DLY02954
FL07694,DLY02955
FL07695,DLY02956
FL07697,DLY02957
FL07701,DLY02958
FL07703,DLY02959
FL07706,DLY02960
FL07707,DLY02961
FL07709,DLY02962
FL07711,DLY02963
FL07713,DLY02964
FL07719,DLY02965
FL07721,DLY02966
FL07722,DLY02967
FL07727,DLY02968
FL07732,DLY02969
FL07735,DLY02970
FL07737,DLY02971
FL07738,DLY02972
FL07740,DLY02973
FL07743,DLY02974
FL07746,DLY02975
FL07749,DLY02976
FL07765,DLY02977
FL07769,DLY02978
FL07770,DLY02979
FL07776,DLY02980
FL07784,DLY02981
FL07786,DLY02982
FL07792,DLY02983
FL07793,DLY02984
FL07795,DLY02985
FL07798,DLY02986
FL07799,DLY02987
FL07800,DLY02988
FL07801,DLY02989
FL07803,DLY02990
FL07804,DLY02991
FL07813,DLY02992
FL07814,DLY02993
FL07816,DLY02994
FL07819,DLY02995
FL07820,DLY02996
FL07821,DLY02997
FL07824,DLY02998
FL07826,DLY02999
FL07827,DLY03000
FL07832,DLY03001
FL07833,DLY03002
FL07834,DLY03003
FL07837,DLY03004
FL07838,DLY03005
FL07839,DLY03006
FL07840,DLY03007
FL07842,DLY03008
FL07843,DLY03009
FL07846,DLY03010
FL07848,DLY03011
FL07850,DLY03012
FL07851,DLY03013
FL07853,DLY03014
FL07854,DLY03015
FL07855,DLY03016
FL07859,DLY03017
FL07860,DLY03018
FL07861,DLY03019
FL07863,DLY03020
FL07865,DLY03021
FL07866,DLY03022
FL07868,DLY03023
FL07871,DLY03024
FL07872,DLY03025
FL07873,DLY03026
FL07877,DLY03027
FL07878,DLY03028
FL07881,DLY03029
FL07882,DLY03030
FL07885,DLY03031
FL07890,DLY03032
FL07891,DLY03033
FL07892,DLY03034
FL07895,DLY03035
FL07896,DLY03036
FL07902,DLY03037
FL07904,DLY03038
FL07916,DLY03039
FL07919,DLY03040
FL07920,DLY03041
FL07921,DLY03042
FL07924,DLY03043
FL07925,DLY03044
FL07926,DLY03045
FL07930,DLY03046
FL07931,DLY03047
FL07932,DLY03048
FL07937,DLY03049
FL07940,DLY03050
FL07945,DLY03051
FL07946,DLY03052
FL07948,DLY03053
FL07952,DLY03054
FL07953,DLY03055
FL07958,DLY03056
FL07959,DLY03057
FL07961,DLY03058
FL07973,DLY03059
FL07975,DLY03060
FL07976,DLY03061
FL07985,DLY03062
FL07987,DLY03063
FL07989,DLY03064
FL07990,DLY03065
FL07992,DLY03066
FL07993,DLY03067
FL07999,DLY03068
FL08000,DLY03069
FL08001,DLY03070
FL08002,DLY03071
FL08008,DLY03072
FL08012,DLY03073
FL08013,DLY03074
FL08014,DLY03075
FL08017,DLY03076
FL08019,DLY03077
FL08020,DLY03078
FL08021,DLY03079
FL08023,DLY03080
FL08024,DLY03081
FL08027,DLY03082
FL08030,DLY03083
FL08031,DLY03084
FL08033,DLY03085
FL08036,DLY03086
FL08037,DLY03087
FL08040,DLY03088
FL08042,DLY03089
FL08048,DLY03090
FL08055,DLY03091
FL08056,DLY03092
FL08059,DLY03093
FL08063,DLY03094
FL08064,DLY03095
FL08066,DLY03096
FL08067,DLY03097
FL08068,DLY03098
FL08073,DLY03099
FL08074,DLY03100
FL08076,DLY03101
FL08077,DLY03102
FL08080,DLY03103
FL08082,DLY03104
FL08084,DLY03105
FL08089,DLY03106
FL08094,DLY03107
FL08095,DLY03108
FL08097,DLY03109
FL08099,DLY03110
FL08100,DLY03111
FL08101,DLY03112
FL08102,DLY03113
FL08104,DLY03114
FL08110,DLY03115
FL08111,DLY03116
FL08112,DLY03117
FL08114,DLY03118
FL08116,DLY03119
FL08118,DLY03120
FL08120,DLY03121
FL08122,DLY03122
FL08124,DLY03123
FL08128,DLY03124
FL08131,DLY03125
FL08132,DLY03126
FL08138,DLY03127
FL08140,DLY03128
FL08141,DLY03129
FL08142,DLY03130
FL08143,DLY03131
FL08146,DLY03132
FL08151,DLY03133
FL08152,DLY03134
FL08154,DLY03135
FL08157,DLY03136
FL08158,DLY03137
FL08159,DLY03138
FL08160,DLY03139
FL08162,DLY03140
FL08163,DLY03141
FL08165,DLY03142
FL08168,DLY03143
FL08169,DLY03144
FL08172,DLY03145
FL08173,DLY03146
FL08175,DLY03147
FL08178,DLY03148
FL08182,DLY03149
FL08184,DLY03150
FL08185,DLY03151
FL08187,DLY03152
FL08188,DLY03153
FL08190,DLY03154
FL08192,DLY03155
FL08193,DLY03156
FL08197,DLY03157
FL08199,DLY03158
FL08201,DLY03159
FL08202,DLY03160
FL08203,DLY03161
FL08205,DLY03162
FL08206,DLY03163
FL08210,DLY03164
FL08211,DLY03165
FL08213,DLY03166
FL08214,DLY03167
FL08215,DLY03168
FL08216,DLY03169
FL08217,DLY03170
FL08219,DLY03171
FL08222,DLY03172
FL08227,DLY03173
FL08230,DLY03174
FL08238,DLY03175
FL08239,DLY03176
FL08240,DLY03177
FL08241,DLY03178
FL08242,DLY03179
FL08245,DLY03180
FL08246,DLY03181
FL08247,DLY03182
FL08250,DLY03183
FL08255,DLY03184
FL08258,DLY03185
FL08260,DLY03186
FL08261,DLY03187
FL08262,DLY03188
FL08264,DLY03189
FL08266,DLY03190
FL08267,DLY03191
FL08274,DLY03192
FL08276,DLY03193
FL08277,DLY03194
FL08278,DLY03195
FL08280,DLY03196
FL08281,DLY03197
FL08282,DLY03198
FL08284,DLY03199
FL08285,DLY03200
FL08287,DLY03201
FL08289,DLY03202
FL08290,DLY03203
FL08292,DLY03204
FL08293,DLY03205
FL08295,DLY03206
FL08296,DLY03207
FL08299,DLY03208
FL08302,DLY03209
FL08303,DLY03210
FL08304,DLY03211
FL08305,DLY03212
FL08306,DLY03213
FL08308,DLY03214
FL08312,DLY03215
FL08313,DLY03216
FL08314,DLY03217
FL08315,DLY03218
FL08316,DLY03219
FL08317,DLY03220
FL08318,DLY03221
FL08319,DLY03222
FL08320,DLY03223
FL08321,DLY03224
FL08322,DLY03225
FL08324,DLY03226
FL08325,DLY03227
FL08327,DLY03228
FL08331,DLY03229
FL08335,DLY03230
FL08336,DLY03231
FL08338,DLY03232
FL08342,DLY03233
FL08345,DLY03234
FL08350,DLY03235
FL08351,DLY03236
FL08352,DLY03237
FL08353,DLY03238
FL08354,DLY03239
FL08355,DLY03240
FL08356,DLY03241
FL08357,DLY03242
FL08358,DLY03243
FL08360,DLY03244
FL08365,DLY03245
FL08366,DLY03246
FL08370,DLY03247
FL08375,DLY03248
FL08377,DLY03249
FL08379,DLY03250
FL08382,DLY03251
FL08384,DLY03252
FL08389,DLY03253
FL08390,DLY03254
FL08391,DLY03255
FL08394,DLY03256
FL08395,DLY03257
FL08402,DLY03258
FL08403,DLY03259
FL08404,DLY03260
FL08406,DLY03261
FL08407,DLY03262
FL08412,DLY03263
FL08414,DLY03264
FL08415,DLY03265
FL08417,DLY03266
FL08419,DLY03267
FL08420,DLY03268
FL08421,DLY03269
FL08423,DLY03270
FL08424,DLY03271
FL08428,DLY03272
FL08429,DLY03273
FL08430,DLY03274
FL08431,DLY03275
FL08432,DLY03276
FL08434,DLY03277
FL08436,DLY03278
FL08437,DLY03279
FL08438,DLY03280
FL08441,DLY03281
FL08442,DLY03282
FL08444,DLY03283
FL08445,DLY03284
FL08447,DLY03285
FL08449,DLY03286
FL08450,DLY03287
FL08451,DLY03288
FL08455,DLY03289
FL08457,DLY03290
FL08461,DLY03291
FL08462,DLY03292
FL08465,DLY03293
FL08466,DLY03294
FL08469,DLY03295
FL08471,DLY03296
FL08472,DLY03297
FL08473,DLY03298
FL08474,DLY03299
FL08478,DLY03300
FL08480,DLY03301
FL08484,DLY03302
FL08485,DLY03303
FL08493,DLY03304
FL08494,DLY03305
FL08496,DLY03306
FL08499,DLY03307
FL08500,DLY03308
FL08504,DLY03309
FL08505,DLY03310
FL08506,DLY03311
FL08507,DLY03312
FL08510,DLY03313
FL08513,DLY03314
FL08515,DLY03315
FL08518,DLY03316
FL08520,DLY03317
FL08524,DLY03318
FL08525,DLY03319
FL08526,DLY03320
FL08531,DLY03321
FL08533,DLY03322
FL08536,DLY03323
FL08537,DLY03324
FL08539,DLY03325
FL08544,DLY03326
FL08548,DLY03327
FL08550,DLY03328
FL08551,DLY03329
FL08554,DLY03330
FL08555,DLY03331
FL08556,DLY03332
FL08557,DLY03333
FL08559,DLY03334
FL08562,DLY03335
FL08565,DLY03336
FL08569,DLY03337
FL08572,DLY03338
FL08576,DLY03339
FL08577,DLY03340
FL08579,DLY03341
FL08581,DLY03342
FL08583,DLY03343
FL08584,DLY03344
FL08586,DLY03345
FL08587,DLY03346
FL08589,DLY03347
FL08590,DLY03348
FL08591,DLY03349
FL08595,DLY03350
FL08597,DLY03351
FL08601,DLY03352
FL08602,DLY03353
FL08603,DLY03354
FL08607,DLY03355
FL08609,DLY03356
FL08610,DLY03357
FL08613,DLY03358
FL08614,DLY03359
FL08615,DLY03360
FL08618,DLY03361
FL08619,DLY03362
FL08621,DLY03363
FL08622,DLY03364
FL08625,DLY03365
FL08626,DLY03366
FL08632,DLY03367
FL08634,DLY03368
FL08635,DLY03369
FL08639,DLY03370
FL08640,DLY03371
FL08641,DLY03372
FL08643,DLY03373
FL08645,DLY03374
FL08647,DLY03375
FL08648,DLY03376
FL08650,DLY03377
FL08651,DLY03378
FL08652,DLY03379
FL08654,DLY03380
FL08655,DLY03381
FL08657,DLY03382
FL08658,DLY03383
FL08660,DLY03384
FL08661,DLY03385
FL08664,DLY03386
FL08665,DLY03387
FL08666,DLY03388
FL08668,DLY03389
FL08669,DLY03390
FL08670,DLY03391
FL08674,DLY03392
FL08676,DLY03393
FL08677,DLY03394
FL08679,DLY03395
FL08680,DLY03396
FL08682,DLY03397
FL08683,DLY03398
FL08684,DLY03399
FL08686,DLY03400
FL08689,DLY03401
FL08690,DLY03402
FL08692,DLY03403
FL08693,DLY03404
FL08694,DLY03405
FL08695,DLY03406
FL08697,DLY03407
FL08700,DLY03408
FL08704,DLY03409
FL08709,DLY03410
FL08710,DLY03411
FL08711,DLY03412
FL08713,DLY03413
FL08716,DLY03414
FL08719,DLY03415
FL08721,DLY03416
FL08724,DLY03417
FL08725,DLY03418
FL08732,DLY03419
FL08741,DLY03420
FL08742,DLY03421
FL08743,DLY03422
FL08747,DLY03423
FL08749,DLY03424
FL08750,DLY03425
FL08751,DLY03426
FL08753,DLY03427
FL08755,DLY03428
FL08756,DLY03429
FL08758,DLY03430
FL08759,DLY03431
FL08760,DLY03432
FL08761,DLY03433
FL08764,DLY03434
FL08765,DLY03435
FL08767,DLY03436
FL08772,DLY03437
FL08774,DLY03438
FL08775,DLY03439
FL08777,DLY03440
FL08778,DLY03441
FL08780,DLY03442
FL08783,DLY03443
FL08785,DLY03444
FL08790,DLY03445
FL08791,DLY03446
FL08798,DLY03447
FL08801,DLY03448
FL08802,DLY03449
FL08805,DLY03450
FL08811,DLY03451
FL08813,DLY03452
FL08817,DLY03453
FL08818,DLY03454
FL08822,DLY03455
FL08827,DLY03456
FL08831,DLY03457
FL08832,DLY03458
FL08833,DLY03459
FL08834,DLY03460
FL08839,DLY03461
FL08840,DLY03462
FL08841,DLY03463
FL08843,DLY03464
FL08844,DLY03465
FL08845,DLY03466
FL08847,DLY03467
FL08848,DLY03468
FL08849,DLY03469
FL08850,DLY03470
FL08851,DLY03471
FL08853,DLY03472
FL08855,DLY03473
FL08857,DLY03474
FL08859,DLY03475
FL08860,DLY03476
FL08863,DLY03477
FL08865,DLY03478
FL08867,DLY03479
FL08868,DLY03480
FL08872,DLY03481
FL08873,DLY03482
FL08874,DLY03483
FL08886,DLY03484
FL08889,DLY03485
FL08896,DLY03486
FL08898,DLY03487
FL08899,DLY03488
FL08901,DLY03489
FL08903,DLY03490
FL08904,DLY03491
FL08908,DLY03492
FL08914,DLY03493
FL08917,DLY03494
FL08921,DLY03495
FL08922,DLY03496
FL08924,DLY03497
FL08930,DLY03498
FL08942,DLY03499
FL08944,DLY03500
FL08949,DLY03501
FL08950,DLY03502
FL08958,DLY03503
FL08967,DLY03504
FL08969,DLY03505
FL08971,DLY03506
FL08981,DLY03507
FL08983,DLY03508
FL08987,DLY03509
FL08988,DLY03510
FL08990,DLY03511
FL08997,DLY03512
FL08998,DLY03513
FL08999,DLY03514
FL09000,DLY03515
FL09005,DLY03516
FL09010,DLY03517
FL09012,DLY03518
FL09014,DLY03519
FL09031,DLY03520
FL09037,DLY03521
FL09045,DLY03522
FL09046,DLY03523
FL09050,DLY03524
FL09057,DLY03525
FL09065,DLY03526
FL09069,DLY03527
FL09070,DLY03528
FL09079,DLY03529
FL09080,DLY03530
FL09082,DLY03531
FL09083,DLY03532
FL09092,DLY03533
FL09095,DLY03534
FL09096,DLY03535
FL09097,DLY03536
FL09098,DLY03537
FL09104,DLY03538
FL09109,DLY03539
FL09117,DLY03540
FL09118,DLY03541
FL09119,DLY03542
FL09120,DLY03543
FL09121,DLY03544
FL09124,DLY03545
FL09132,DLY03546
FL09136,DLY03547
FL09137,DLY03548
FL09138,DLY03549
FL09139,DLY03550
FL09141,DLY03551
FL09145,DLY03552
FL09146,DLY03553
FL09151,DLY03554
FL09153,DLY03555
FL09154,DLY03556
FL09155,DLY03557
FL09158,DLY03558
FL09170,DLY03559
FL09172,DLY03560
FL09180,DLY03561
FL09184,DLY03562
FL09185,DLY03563
FL09186,DLY03564
FL09189,DLY03565
FL09204,DLY03566
FL09209,DLY03567
FL09212,DLY03568
FL09214,DLY03569
FL09215,DLY03570
FL09216,DLY03571
FL09217,DLY03572
FL09224,DLY03573
FL09225,DLY03574
FL09226,DLY03575
FL09231,DLY03576
FL09236,DLY03577
FL09237,DLY03578
FL09238,DLY03579
FL09241,DLY03580
FL09246,DLY03581
FL09252,DLY03582
FL09258,DLY03583
FL09259,DLY03584
FL09262,DLY03585
FL09268,DLY03586
FL09272,DLY03587
FL09277,DLY03588
FL09278,DLY03589
FL09295,DLY03590
FL09296,DLY03591
FL09300,DLY03592
FL09303,DLY03593
FL09307,DLY03594
FL09309,DLY03595
FL09310,DLY03596
FL09311,DLY03597
FL09317,DLY03598
FL09322,DLY03599
FL09323,DLY03600
FL09332,DLY03601
FL09335,DLY03602
FL09338,DLY03603
FL09339,DLY03604
FL09341,DLY03605
FL09343,DLY03606
FL09344,DLY03607
FL09345,DLY03608
FL09347,DLY03609
FL09349,DLY03610
FL09350,DLY03611
FL09351,DLY03612
FL09352,DLY03613
FL09357,DLY03614
FL09359,DLY03615
FL09360,DLY03616
FL09364,DLY03617
FL09375,DLY03618
FL09377,DLY03619
FL09378,DLY03620
FL09379,DLY03621
FL09381,DLY03622
FL09382,DLY03623
FL09383,DLY03624
FL09389,DLY03625
FL09390,DLY03626
FL09392,DLY03627
FL09399,DLY03628
FL09401,DLY03629
FL09405,DLY03630
FL09409,DLY03631
FL09416,DLY03632
FL09418,DLY03633
FL09419,DLY03634
FL09422,DLY03635
FL09424,DLY03636
FL09434,DLY03637
FL09439,DLY03638
FL09444,DLY03639
FL09446,DLY03640
FL09447,DLY03641
FL09453,DLY03642
FL09454,DLY03643
FL09455,DLY03644
FL09456,DLY03645
FL09458,DLY03646
FL09460,DLY03647
FL09469,DLY03648
FL09470,DLY03649
FL09471,DLY03650
FL09472,DLY03651
FL09474,DLY03652
FL09477,DLY03653
FL09479,DLY03654
FL09481,DLY03655
FL09484,DLY03656
FL09490,DLY03657
FL09493,DLY03658
FL09494,DLY03659
FL09496,DLY03660
FL09497,DLY03661
FL09498,DLY03662
FL09500,DLY03663
FL09501,DLY03664
FL09502,DLY03665
FL09503,DLY03666
FL09510,DLY03667
FL09511,DLY03668
FL09516,DLY03669
FL09517,DLY03670
FL09518,DLY03671
FL09522,DLY03672
FL09523,DLY03673
FL09525,DLY03674
FL09527,DLY03675
FL09529,DLY03676
FL09530,DLY03677
FL09533,DLY03678
FL09534,DLY03679
FL09535,DLY03680
FL09539,DLY03681
FL09544,DLY03682
FL09545,DLY03683
FL09548,DLY03684
FL09552,DLY03685
FL09553,DLY03686
FL09559,DLY03687
FL09560,DLY03688
FL09561,DLY03689
FL09562,DLY03690
FL09564,DLY03691
FL09567,DLY03692
FL09568,DLY03693
FL09569,DLY03694
FL09574,DLY03695
FL09575,DLY03696
FL09577,DLY03697
FL09579,DLY03698
FL09586,DLY03699
FL09591,DLY03700
FL09593,DLY03701
FL09594,DLY03702
FL09605,DLY03703
FL09606,DLY03704
FL09607,DLY03705
FL09611,DLY03706
FL09613,DLY03707
FL09614,DLY03708
FL09618,DLY03709
FL09623,DLY03710
FL09624,DLY03711
FL09625,DLY03712
FL09626,DLY03713
FL09627,DLY03714
FL09629,DLY03715
FL09631,DLY03716
FL09638,DLY03717
FL09641,DLY03718
FL09650,DLY03719
FL09652,DLY03720
FL09654,DLY03721
FL09655,DLY03722
FL09656,DLY03723
FL09660,DLY03724
FL09662,DLY03725
FL09665,DLY03726
FL09667,DLY03727
FL09669,DLY03728
FL09670,DLY03729
FL09672,DLY03730
FL09673,DLY03731
FL09674,DLY03732
FL09681,DLY03733
FL09687,DLY03734
FL09690,DLY03735
FL09695,DLY03736
FL09698,DLY03737
FL09699,DLY03738
FL09700,DLY03739
FL09703,DLY03740
FL09704,DLY03741
FL09706,DLY03742
FL09710,DLY03743
FL09711,DLY03744
FL09712,DLY03745
FL09713,DLY03746
FL09714,DLY03747
FL09716,DLY03748
FL09717,DLY03749
FL09718,DLY03750
FL09719,DLY03751
FL09720,DLY03752
FL09721,DLY03753
FL09723,DLY03754
FL09726,DLY03755
FL09728,DLY03756
FL09729,DLY03757
FL09734,DLY03758
FL09737,DLY03759
FL09739,DLY03760
FL09744,DLY03761
FL09745,DLY03762
FL09747,DLY03763
FL09751,DLY03764
FL09752,DLY03765
FL09762,DLY03766
FL09765,DLY03767
FL09767,DLY03768
FL09770,DLY03769
FL09777,DLY03770
FL09780,DLY03771
FL09784,DLY03772
FL09786,DLY03773
FL09790,DLY03774
FL09793,DLY03775
FL09794,DLY03776
FL09798,DLY03777
FL09799,DLY03778
FL09800,DLY03779
FL09802,DLY03780
FL09805,DLY03781
FL09806,DLY03782
FL09813,DLY03783
FL09815,DLY03784
FL09816,DLY03785
FL09818,DLY03786
FL09823,DLY03787
FL09824,DLY03788
FL09826,DLY03789
FL09830,DLY03790
FL09832,DLY03791
FL09835,DLY03792
FL09836,DLY03793
FL09837,DLY03794
FL09839,DLY03795
FL09843,DLY03796
FL09844,DLY03797
FL09845,DLY03798
FL09846,DLY03799
FL09850,DLY03800
FL09855,DLY03801
FL09856,DLY03802
FL09858,DLY03803
FL09863,DLY03804
FL09864,DLY03805
FL09866,DLY03806
FL09868,DLY03807
FL09872,DLY03808
FL09873,DLY03809
FL09877,DLY03810
FL09883,DLY03811
FL09884,DLY03812
FL09887,DLY03813
FL09888,DLY03814
FL09889,DLY03815
FL09892,DLY03816
FL09897,DLY03817
FL09902,DLY03818
FL09904,DLY03819
FL09905,DLY03820
FL09907,DLY03821
FL09908,DLY03822
FL09909,DLY03823
FL09915,DLY03824
FL09916,DLY03825
FL09918,DLY03826
FL09922,DLY03827
FL09925,DLY03828
FL09926,DLY03829
FL09929,DLY03830
FL09932,DLY03831
FL09933,DLY03832
FL09934,DLY03833
FL09935,DLY03834
FL09936,DLY03835
FL09938,DLY03836
FL09940,DLY03837
FL09941,DLY03838
FL09946,DLY03839
FL09949,DLY03840
FL09951,DLY03841
FL09957,DLY03842
FL09960,DLY03843
FL09962,DLY03844
FL09963,DLY03845
FL09964,DLY03846
FL09965,DLY03847
FL09969,DLY03848
FL09970,DLY03849
FL09973,DLY03850
FL09974,DLY03851
FL09975,DLY03852
FL09977,DLY03853
FL09978,DLY03854
FL09979,DLY03855
FL09980,DLY03856
FL09981,DLY03857
FL09985,DLY03858
FL09986,DLY03859
FL09993,DLY03860
FL09995,DLY03861
FL09999,DLY03862
FL10012,DLY03863
FL10013,DLY03864
FL10014,DLY03865
FL10019,DLY03866
FL10024,DLY03867
FL10029,DLY03868
FL10031,DLY03869
FL10032,DLY03870
FL10034,DLY03871
FL10035,DLY03872
FL10038,DLY03873
FL10040,DLY03874
FL10042,DLY03875
FL10043,DLY03876
FL10044,DLY03877
FL10045,DLY03878
FL10046,DLY03879
FL10048,DLY03880
FL10050,DLY03881
FL10054,DLY03882
FL10056,DLY03883
FL10057,DLY03884
FL10060,DLY03885
FL10061,DLY03886
FL10066,DLY03887
FL10070,DLY03888
FL10077,DLY03889
FL10082,DLY03890
FL10083,DLY03891
FL10084,DLY03892
FL10086,DLY03893
FL10087,DLY03894
FL10089,DLY03895
FL10092,DLY03896
FL10093,DLY03897
FL10098,DLY03898
FL10104,DLY03899
FL10105,DLY03900
FL10106,DLY03901
FL10108,DLY03902
FL10112,DLY03903
FL10118,DLY03904
FL10119,DLY03905
FL10122,DLY03906
FL10123,DLY03907
FL10127,DLY03908
FL10128,DLY03909
FL10129,DLY03910
FL10130,DLY03911
FL10131,DLY03912
FL10134,DLY03913
FL10135,DLY03914
FL10139,DLY03915
FL10140,DLY03916
FL10142,DLY03917
FL10143,DLY03918
FL10144,DLY03919
FL10145,DLY03920
FL10150,DLY03921
FL10152,DLY03922
FL10154,DLY03923
FL10155,DLY03924
FL10156,DLY03925
FL10158,DLY03926
FL10161,DLY03927
FL10164,DLY03928
FL10165,DLY03929
FL10167,DLY03930
FL10168,DLY03931
FL10169,DLY03932
FL10170,DLY03933
FL10171,DLY03934
FL10173,DLY03935
FL10174,DLY03936
FL10178,DLY03937
FL10183,DLY03938
FL10184,DLY03939
FL10185,DLY03940
FL10186,DLY03941
FL10188,DLY03942
FL10191,DLY03943
FL10192,DLY03944
FL10193,DLY03945
FL10198,DLY03946
FL10200,DLY03947
FL10201,DLY03948
FL10202,DLY03949
FL10203,DLY03950
FL10204,DLY03951
FL10205,DLY03952
FL10206,DLY03953
FL10208,DLY03954
FL10209,DLY03955
FL10210,DLY03956
FL10211,DLY03957
FL10214,DLY03958
FL10215,DLY03959
FL10220,DLY03960
FL10221,DLY03961
FL10226,DLY03962
FL10227,DLY03963
FL10228,DLY03964
FL10230,DLY03965
FL10231,DLY03966
FL10232,DLY03967
FL10235,DLY03968
FL10239,DLY03969
FL10241,DLY03970
FL10242,DLY03971
FL10246,DLY03972
FL10248,DLY03973
FL10249,DLY03974
FL10251,DLY03975
FL10253,DLY03976
FL10255,DLY03977
FL10258,DLY03978
FL10266,DLY03979
FL10269,DLY03980
FL10271,DLY03981
FL10280,DLY03982
FL10281,DLY03983
FL10283,DLY03984
FL10285,DLY03985
FL10286,DLY03986
FL10287,DLY03987
FL10290,DLY03988
FL10292,DLY03989
FL10293,DLY03990
FL10294,DLY03991
FL10297,DLY03992
FL10300,DLY03993
FL10305,DLY03994
FL10306,DLY03995
FL10307,DLY03996
FL10309,DLY03997
FL10310,DLY03998
FL10311,DLY03999
FL10314,DLY04000
FL10321,DLY04001
FL10323,DLY04002
FL10325,DLY04003
FL10327,DLY04004
FL10328,DLY04005
FL10331,DLY04006
FL10337,DLY04007
FL10338,DLY04008
FL10340,DLY04009
FL10341,DLY04010
FL10342,DLY04011
FL10343,DLY04012
FL10345,DLY04013
FL10346,DLY04014
FL10347,DLY04015
FL10348,DLY04016
FL10349,DLY04017
FL10351,DLY04018
FL10352,DLY04019
FL10353,DLY04020
FL10354,DLY04021
FL10355,DLY04022
FL10356,DLY04023
FL10358,DLY04024
FL10363,DLY04025
FL10364,DLY04026
FL10365,DLY04027
FL10368,DLY04028
FL10370,DLY04029
FL10371,DLY04030
FL10372,DLY04031
FL10373,DLY04032
FL10376,DLY04033
FL10377,DLY04034
FL10381,DLY04035
FL10382,DLY04036
FL10383,DLY04037
FL10385,DLY04038
FL10391,DLY04039
FL10392,DLY04040
FL10393,DLY04041
FL10396,DLY04042
FL10401,DLY04043
FL10403,DLY04044
FL10404,DLY04045
FL10406,DLY04046
FL10408,DLY04047
FL10409,DLY04048
FL10411,DLY04049
FL10412,DLY04050
FL10413,DLY04051
FL10414,DLY04052
FL10415,DLY04053
FL10418,DLY04054
FL10421,DLY04055
FL10422,DLY04056
FL10423,DLY04057
FL10424,DLY04058
FL10425,DLY04059
FL10427,DLY04060
FL10428,DLY04061
FL10432,DLY04062
FL10433,DLY04063
FL10434,DLY04064
FL10437,DLY04065
FL10443,DLY04066
FL10444,DLY04067
FL10447,DLY04068
FL10450,DLY04069
FL10451,DLY04070
FL10452,DLY04071
FL10453,DLY04072
FL10454,DLY04073
FL10456,DLY04074
FL10458,DLY04075
FL10459,DLY04076
FL10460,DLY04077
FL10461,DLY04078
FL10463,DLY04079
FL10466,DLY04080
FL10467,DLY04081
FL10469,DLY04082
FL10471,DLY04083
FL10472,DLY04084
FL10475,DLY04085
FL10476,DLY04086
FL10477,DLY04087
FL10480,DLY04088
FL10485,DLY04089
FL10488,DLY04090
FL10491,DLY04091
FL10492,DLY04092
FL10494,DLY04093
FL10496,DLY04094
FL10498,DLY04095
FL10499,DLY04096
FL10500,DLY04097
FL10502,DLY04098
FL10506,DLY04099
FL10509,DLY04100
FL10511,DLY04101
FL10520,DLY04102
FL10521,DLY04103
FL10522,DLY04104
FL10524,DLY04105
FL10529,DLY04106
FL10530,DLY04107
FL10532,DLY04108
FL10534,DLY04109
FL10535,DLY04110
FL10536,DLY04111
FL10542,DLY04112
FL10545,DLY04113
FL10551,DLY04114
FL10553,DLY04115
FL10554,DLY04116
FL10555,DLY04117
FL10556,DLY04118
FL10558,DLY04119
FL10560,DLY04120
FL10561,DLY04121
FL10563,DLY04122
FL10566,DLY04123
FL10571,DLY04124
FL10572,DLY04125
FL10574,DLY04126
FL10575,DLY04127
FL10578,DLY04128
FL10580,DLY04129
FL10583,DLY04130
FL10584,DLY04131
FL10586,DLY04132
FL10587,DLY04133
FL10588,DLY04134
FL10593,DLY04135
FL10594,DLY04136
FL10599,DLY04137
FL10600,DLY04138
FL10602,DLY04139
FL10605,DLY04140
FL10606,DLY04141
FL10607,DLY04142
FL10612,DLY04143
FL10613,DLY04144
FL10614,DLY04145
FL10619,DLY04146
FL10620,DLY04147
FL10623,DLY04148
FL10626,DLY04149
FL10628,DLY04150
FL10630,DLY04151
FL10632,DLY04152
FL10633,DLY04153
FL10634,DLY04154
FL10636,DLY04155
FL10637,DLY04156
FL10642,DLY04157
FL10644,DLY04158
FL10647,DLY04159
FL10651,DLY04160
FL10655,DLY04161
FL10659,DLY04162
FL10663,DLY04163
FL10664,DLY04164
FL10670,DLY04165
FL10671,DLY04166
FL10681,DLY04167
FL10686,DLY04168
FL10687,DLY04169
FL10688,DLY04170
FL10689,DLY04171
FL10691,DLY04172
FL10693,DLY04173
FL10698,DLY04174
FL10700,DLY04175
FL10701,DLY04176
FL10705,DLY04177
FL10709,DLY04178
FL10710,DLY04179
FL10712,DLY04180
FL10713,DLY04181
FL10714,DLY04182
FL10716,DLY04183
FL10717,DLY04184
FL10720,DLY04185
FL10721,DLY04186
FL10722,DLY04187
FL10723,DLY04188
FL10731,DLY04189
FL10734,DLY04190
FL10737,DLY04191
FL10741,DLY04192
FL10742,DLY04193
FL10745,DLY04194
FL10746,DLY04195
FL10749,DLY04196
FL10755,DLY04197
FL10756,DLY04198
FL10757,DLY04199
FL10759,DLY04200
FL10761,DLY04201
FL10764,DLY04202
FL10767,DLY04203
FL10768,DLY04204
FL10769,DLY04205
FL10771,DLY04206
FL10773,DLY04207
FL10776,DLY04208
FL10777,DLY04209
FL10778,DLY04210
FL10779,DLY04211
FL10780,DLY04212
FL10783,DLY04213
FL10785,DLY04214
FL10786,DLY04215
FL10788,DLY04216
FL10789,DLY04217
FL10790,DLY04218
FL10792,DLY04219
FL10796,DLY04220
FL10797,DLY04221
FL10798,DLY04222
FL10800,DLY04223
FL10808,DLY04224
FL10815,DLY04225
FL10818,DLY04226
FL10824,DLY04227
FL10825,DLY04228
FL10828,DLY04229
FL10830,DLY04230
FL10831,DLY04231
FL10835,DLY04232
FL10837,DLY04233
FL10840,DLY04234
FL10842,DLY04235
FL10844,DLY04236
FL10846,DLY04237
FL10848,DLY04238
FL10849,DLY04239
FL10850,DLY04240
FL10852,DLY04241
FL10853,DLY04242
FL10854,DLY04243
FL10860,DLY04244
FL10862,DLY04245
FL10865,DLY04246
FL10866,DLY04247
FL10867,DLY04248
FL10872,DLY04249
FL10874,DLY04250
FL10883,DLY04251
FL10887,DLY04252
FL10891,DLY04253
FL10896,DLY04254
FL10904,DLY04255
FL10909,DLY04256
FL10910,DLY04257
FL10911,DLY04258
FL10914,DLY04259
FL10917,DLY04260
FL10922,DLY04261
FL10924,DLY04262
FL10925,DLY04263
FL10929,DLY04264
FL10932,DLY04265
FL10933,DLY04266
FL10934,DLY04267
FL10935,DLY04268
FL10936,DLY04269
FL10937,DLY04270
FL10939,DLY04271
FL10942,DLY04272
FL10943,DLY04273
FL10947,DLY04274
FL10950,DLY04275
FL10952,DLY04276
FL10953,DLY04277
FL10955,DLY04278
FL10956,DLY04279
FL10959,DLY04280
FL10961,DLY04281
FL10962,DLY04282
FL10963,DLY04283
FL10964,DLY04284
FL10966,DLY04285
FL10967,DLY04286
FL10968,DLY04287
FL10969,DLY04288
FL10970,DLY04289
FL10971,DLY04290
FL10973,DLY04291
FL10975,DLY04292
FL10978,DLY04293
FL10981,DLY04294
FL10982,DLY04295
FL10984,DLY04296
FL10987,DLY04297
FL10988,DLY04298
FL10991,DLY04299
FL10992,DLY04300
FL10993,DLY04301
FL10995,DLY04302
FL10997,DLY04303
FL11000,DLY04304
FL11002,DLY04305
FL11004,DLY04306
FL11005,DLY04307
FL11007,DLY04308
FL11008,DLY04309
FL11010,DLY04310
FL11015,DLY04311
FL11016,DLY04312
FL11021,DLY04313
FL11024,DLY04314
FL11026,DLY04315
FL11027,DLY04316
FL11030,DLY04317
FL11032,DLY04318
FL11035,DLY04319
FL11036,DLY04320
FL11043,DLY04321
FL11051,DLY04322
FL11055,DLY04323
FL11056,DLY04324
FL11057,DLY04325
FL11060,DLY04326
FL11061,DLY04327
FL11062,DLY04328
FL11063,DLY04329
FL11064,DLY04330
FL11065,DLY04331
FL11072,DLY04332
FL11074,DLY04333
FL11075,DLY04334
FL11076,DLY04335
FL11077,DLY04336
FL11081,DLY04337
FL11082,DLY04338
FL11083,DLY04339
FL11090,DLY04340
FL11094,DLY04341
FL11096,DLY04342
FL11098,DLY04343
FL11099,DLY04344
FL11101,DLY04345
FL11103,DLY04346
FL11104,DLY04347
FL11107,DLY04348
FL11108,DLY04349
FL11109,DLY04350
FL11111,DLY04351
FL11119,DLY04352
FL11121,DLY04353
FL11124,DLY04354
FL11125,DLY04355
FL11128,DLY04356
FL11131,DLY04357
FL11133,DLY04358
FL11134,DLY04359
FL11135,DLY04360
FL11136,DLY04361
FL11138,DLY04362
FL11142,DLY04363
FL11144,DLY04364
FL11146,DLY04365
FL11149,DLY04366
FL11150,DLY04367
FL11151,DLY04368
FL11153,DLY04369
FL11155,DLY04370
FL11156,DLY04371
FL11157,DLY04372
FL11160,DLY04373
FL11161,DLY04374
FL11163,DLY04375
FL11169,DLY04376
FL11170,DLY04377
FL11171,DLY04378
FL11172,DLY04379
FL11175,DLY04380
FL11177,DLY04381
FL11180,DLY04382
FL11181,DLY04383
FL11186,DLY04384
FL11187,DLY04385
FL11189,DLY04386
FL11192,DLY04387
FL11193,DLY04388
FL11194,DLY04389
FL11196,DLY04390
FL11199,DLY04391
FL11201,DLY04392
FL11202,DLY04393
FL11203,DLY04394
FL11205,DLY04395
FL11206,DLY04396
FL11207,DLY04397
FL11209,DLY04398
FL11211,DLY04399
FL11214,DLY04400
FL11215,DLY04401
FL11218,DLY04402
FL11219,DLY04403
FL11222,DLY04404
FL11224,DLY04405
FL11225,DLY04406
FL11226,DLY04407
FL11227,DLY04408
FL11231,DLY04409
FL11232,DLY04410
FL11233,DLY04411
FL11236,DLY04412
FL11240,DLY04413
FL11244,DLY04414
FL11245,DLY04415
FL11246,DLY04416
FL11248,DLY04417
FL11251,DLY04418
FL11252,DLY04419
FL11258,DLY04420
FL11261,DLY04421
FL11264,DLY04422
FL11266,DLY04423
FL11268,DLY04424
FL11269,DLY04425
FL11272,DLY04426
FL11274,DLY04427
FL11275,DLY04428
FL11277,DLY04429
FL11278,DLY04430
FL11279,DLY04431
FL11280,DLY04432
FL11284,DLY04433
FL11285,DLY04434
FL11287,DLY04435
FL11289,DLY04436
FL11290,DLY04437
FL11292,DLY04438
FL11293,DLY04439
FL11295,DLY04440
FL11298,DLY04441
FL11299,DLY04442
FL11301,DLY04443
FL11302,DLY04444
FL11303,DLY04445
FL11304,DLY04446
FL11305,DLY04447
FL11307,DLY04448
FL11310,DLY04449
FL11312,DLY04450
FL11314,DLY04451
FL11322,DLY04452
FL11323,DLY04453
FL11324,DLY04454
FL11327,DLY04455
FL11330,DLY04456
FL11332,DLY04457
FL11338,DLY04458
FL11340,DLY04459
FL11345,DLY04460
FL11359,DLY04461
FL11360,DLY04462
FL11363,DLY04463
FL11365,DLY04464
FL11366,DLY04465
FL11368,DLY04466
FL11372,DLY04467
FL11375,DLY04468
FL11382,DLY04469
FL11384,DLY04470
FL11386,DLY04471
FL11392,DLY04472
FL11393,DLY04473
FL11398,DLY04474
FL11401,DLY04475
FL11404,DLY04476
FL11407,DLY04477
FL11414,DLY04478
FL11423,DLY04479
FL11424,DLY04480
FL11428,DLY04481
FL11434,DLY04482
FL11437,DLY04483
FL11438,DLY04484
FL11441,DLY04485
FL11445,DLY04486
FL11449,DLY04487
FL11454,DLY04488
FL11459,DLY04489
FL11460,DLY04490
FL11461,DLY04491
FL11462,DLY04492
FL11463,DLY04493
FL11469,DLY04494
FL11471,DLY04495
FL11474,DLY04496
FL11478,DLY04497
FL11480,DLY04498
FL11481,DLY04499
FL11491,DLY04500
FL11492,DLY04501
FL11493,DLY04502
FL11495,DLY04503
FL11496,DLY04504
FL11499,DLY04505
FL11501,DLY04506
FL11502,DLY04507
FL11506,DLY04508
FL11508,DLY04509
FL11510,DLY04510
FL11513,DLY04511
FL11514,DLY04512
FL11519,DLY04513
FL11520,DLY04514
FL11522,DLY04515
FL11524,DLY04516
FL11530,DLY04517
FL11532,DLY04518
FL11533,DLY04519
FL11534,DLY04520
FL11535,DLY04521
FL11536,DLY04522
FL11542,DLY04523
FL11544,DLY04524
FL11549,DLY04525
FL11550,DLY04526
FL11555,DLY04527
FL11560,DLY04528
FL11567,DLY04529
FL11569,DLY04530
FL11570,DLY04531
FL11571,DLY04532
FL11573,DLY04533
FL11574,DLY04534
FL11577,DLY04535
FL11578,DLY04536
FL11579,DLY04537
FL11582,DLY04538
FL11588,DLY04539
FL11589,DLY04540
FL11592,DLY04541
FL11595,DLY04542
FL11598,DLY04543
FL11600,DLY04544
FL11602,DLY04545
FL11612,DLY04546
FL11615,DLY04547
FL11616,DLY04548
FL11617,DLY04549
FL11622,DLY04550
FL11626,DLY04551
FL11629,DLY04552
FL11636,DLY04553
FL11639,DLY04554
FL11642,DLY04555
FL11643,DLY04556
FL11646,DLY04557
FL11647,DLY04558
FL11653,DLY04559
FL11657,DLY04560
FL11658,DLY04561
FL11666,DLY04562
FL11668,DLY04563
FL11669,DLY04564
FL11680,DLY04565
FL11681,DLY04566
FL11689,DLY04567
FL11690,DLY04568
FL11693,DLY04569
FL11694,DLY04570
FL11695,DLY04571
FL11697,DLY04572
FL11699,DLY04573
FL11702,DLY04574
FL11703,DLY04575
FL11708,DLY04576
FL11714,DLY04577
FL11716,DLY04578
FL11721,DLY04579
FL11722,DLY04580
FL11723,DLY04581
FL11724,DLY04582
FL11726,DLY04583
FL11728,DLY04584
FL11729,DLY04585
FL11731,DLY04586
FL11734,DLY04587
FL11738,DLY04588
FL11740,DLY04589
FL11746,DLY04590
FL11751,DLY04591
FL11752,DLY04592
FL11754,DLY04593
FL11755,DLY04594
FL11758,DLY04595
FL11760,DLY04596
FL11761,DLY04597
FL11763,DLY04598
FL11765,DLY04599
FL11768,DLY04600
FL11769,DLY04601
FL11770,DLY04602
FL11773,DLY04603
FL11775,DLY04604
FL11776,DLY04605
FL11777,DLY04606
FL11778,DLY04607
FL11779,DLY04608
FL11781,DLY04609
FL11782,DLY04610
FL11783,DLY04611
FL11785,DLY04612
FL11786,DLY04613
FL11787,DLY04614
FL11788,DLY04615
FL11789,DLY04616
FL11790,DLY04617
FL11792,DLY04618
FL11797,DLY04619
FL11800,DLY04620
FL11801,DLY04621
FL11802,DLY04622
FL11807,DLY04623
FL11808,DLY04624
FL11809,DLY04625
FL11812,DLY04626
FL11813,DLY04627
FL11814,DLY04628
FL11815,DLY04629
FL11818,DLY04630
FL11821,DLY04631
FL11822,DLY04632
FL11823,DLY04633
FL11827,DLY04634
FL11828,DLY04635
FL11829,DLY04636
FL11831,DLY04637
FL11832,DLY04638
FL11833,DLY04639
FL11839,DLY04640
FL11842,DLY04641
FL11845,DLY04642
FL11846,DLY04643
FL11847,DLY04644
FL11848,DLY04645
FL11851,DLY04646
FL11853,DLY04647
FL11854,DLY04648
FL11860,DLY04649
FL11862,DLY04650
FL11865,DLY04651
FL11869,DLY04652
FL11870,DLY04653
FL11871,DLY04654
FL11875,DLY04655
FL11876,DLY04656
FL11878,DLY04657
FL11881,DLY04658
FL11882,DLY04659
FL11885,DLY04660
FL11887,DLY04661
FL11888,DLY04662
FL11889,DLY04663
FL11891,DLY04664
FL11892,DLY04665
FL11895,DLY04666
FL11896,DLY04667
FL11898,DLY04668
FL11900,DLY04669
FL11901,DLY04670
FL11903,DLY04671
FL11904,DLY04672
FL11907,DLY04673
FL11910,DLY04674
FL11911,DLY04675
FL11912,DLY04676
FL11913,DLY04677
FL11915,DLY04678
FL11916,DLY04679
FL11918,DLY04680
FL11919,DLY04681
FL11920,DLY04682
FL11921,DLY04683
FL11922,DLY04684
FL11924,DLY04685
FL11925,DLY04686
FL11928,DLY04687
FL11929,DLY04688
FL11930,DLY04689
FL11932,DLY04690
FL11935,DLY04691
FL11936,DLY04692
FL11937,DLY04693
FL11939,DLY04694
FL11952,DLY04695
FL11953,DLY04696
FL11954,DLY04697
FL11956,DLY04698
FL11958,DLY04699
FL11960,DLY04700
FL11961,DLY04701
FL11962,DLY04702
FL11965,DLY04703
FL11966,DLY04704
FL11967,DLY04705
FL11968,DLY04706
FL11970,DLY04707
FL11971,DLY04708
FL11973,DLY04709
FL11975,DLY04710
FL11978,DLY04711
FL11981,DLY04712
FL11982,DLY04713
FL11983,DLY04714
FL11986,DLY04715
FL11990,DLY04716
FL11991,DLY04717
FL11992,DLY04718
FL11993,DLY04719
FL11994,DLY04720
FL11996,DLY04721
FL11997,DLY04722
FL12000,DLY04723
FL12006,DLY04724
FL12008,DLY04725
FL12009,DLY04726
FL12011,DLY04727
FL12012,DLY04728
FL12013,DLY04729
FL12014,DLY04730
FL12018,DLY04731
FL12019,DLY04732
FL12021,DLY04733
FL12022,DLY04734
FL12023,DLY04735
FL12024,DLY04736
FL12026,DLY04737
FL12027,DLY04738
FL12028,DLY04739
FL12031,DLY04740
FL12033,DLY04741
FL12039,DLY04742
FL12040,DLY04743
FL12044,DLY04744
FL12045,DLY04745
FL12046,DLY04746
FL12047,DLY04747
FL12048,DLY04748
FL12049,DLY04749
FL12054,DLY04750
FL12057,DLY04751
FL12058,DLY04752
FL12060,DLY04753
FL12063,DLY04754
FL12064,DLY04755
FL12068,DLY04756
FL12069,DLY04757
FL12071,DLY04758
FL12072,DLY04759
FL12073,DLY04760
FL12077,DLY04761
FL12078,DLY04762
FL12082,DLY04763
FL12084,DLY04764
FL12086,DLY04765
FL12087,DLY04766
FL12088,DLY04767
FL12089,DLY04768
FL12093,DLY04769
FL12098,DLY04770
FL12099,DLY04771
FL12103,DLY04772
FL12104,DLY04773
FL12108,DLY04774
FL12111,DLY04775
FL12115,DLY04776
FL12123,DLY04777
FL12124,DLY04778
FL12130,DLY04779
FL12131,DLY04780
FL12139,DLY04781
FL12140,DLY04782
FL12143,DLY04783
FL12144,DLY04784
FL12147,DLY04785
FL12149,DLY04786
FL12150,DLY04787
FL12153,DLY04788
FL12154,DLY04789
FL12161,DLY04790
FL12165,DLY04791
FL12168,DLY04792
FL12170,DLY04793
FL12175,DLY04794
FL12177,DLY04795
FL12181,DLY04796
FL12185,DLY04797
FL12187,DLY04798
FL12188,DLY04799
FL12189,DLY04800
FL12195,DLY04801
FL12196,DLY04802
FL12199,DLY04803
FL12200,DLY04804
FL12203,DLY04805
FL12204,DLY04806
FL12205,DLY04807
FL12208,DLY04808
FL12211,DLY04809
FL12214,DLY04810
FL12215,DLY04811
FL12217,DLY04812
FL12220,DLY04813
FL12221,DLY04814
FL12222,DLY04815
FL12226,DLY04816
FL12230,DLY04817
FL12231,DLY04818
FL12233,DLY04819
FL12234,DLY04820
FL12235,DLY04821
FL12238,DLY04822
FL12239,DLY04823
FL12240,DLY04824
FL12243,DLY04825
FL12248,DLY04826
FL12250,DLY04827
FL12252,DLY04828
FL12256,DLY04829
FL12257,DLY04830
FL12259,DLY04831
FL12260,DLY04832
FL12261,DLY04833
FL12263,DLY04834
FL12268,DLY04835
FL12269,DLY04836
FL12270,DLY04837
FL12271,DLY04838
FL12274,DLY04839
FL12275,DLY04840
FL12278,DLY04841
FL12281,DLY04842
FL12284,DLY04843
FL12290,DLY04844
FL12293,DLY04845
FL12298,DLY04846
FL12299,DLY04847
FL12303,DLY04848
FL12304,DLY04849
FL12305,DLY04850
FL12311,DLY04851
FL12315,DLY04852
FL12317,DLY04853
FL12318,DLY04854
FL12323,DLY04855
FL12326,DLY04856
FL12327,DLY04857
FL12331,DLY04858
FL12332,DLY04859
FL12334,DLY04860
FL12341,DLY04861
FL12343,DLY04862
FL12344,DLY04863
FL12345,DLY04864
FL12346,DLY04865
FL12349,DLY04866
FL12350,DLY04867
FL12351,DLY04868
FL12353,DLY04869
FL12355,DLY04870
FL12356,DLY04871
FL12357,DLY04872
FL12361,DLY04873
FL12363,DLY04874
FL12364,DLY04875
FL12365,DLY04876
FL12366,DLY04877
FL12367,DLY04878
FL12368,DLY04879
FL12369,DLY04880
FL12370,DLY04881
FL12372,DLY04882
FL12373,DLY04883
FL12376,DLY04884
FL12377,DLY04885
FL12380,DLY04886
FL12381,DLY04887
FL12382,DLY04888
FL12383,DLY04889
FL12384,DLY04890
FL12385,DLY04891
FL12387,DLY04892
FL12399,DLY04893
FL12400,DLY04894
FL12402,DLY04895
FL12404,DLY04896
FL12405,DLY04897
FL12407,DLY04898
FL12408,DLY04899
FL12410,DLY04900
FL12411,DLY04901
FL12412,DLY04902
FL12413,DLY04903
FL12416,DLY04904
FL12417,DLY04905
FL12420,DLY04906
FL12422,DLY04907
FL12425,DLY04908
FL12428,DLY04909
FL12433,DLY04910
FL12434,DLY04911
FL12435,DLY04912
FL12437,DLY04913
FL12439,DLY04914
FL12442,DLY04915
FL12445,DLY04916
FL12449,DLY04917
FL12450,DLY04918
FL12451,DLY04919
FL12452,DLY04920
FL12457,DLY04921
FL12462,DLY04922
FL12463,DLY04923
FL12464,DLY04924
FL12465,DLY04925
FL12466,DLY04926
FL12467,DLY04927
FL12468,DLY04928
FL12469,DLY04929
FL12471,DLY04930
FL12473,DLY04931
FL12475,DLY04932
FL12483,DLY04933
FL12484,DLY04934
FL12485,DLY04935
FL12486,DLY04936
FL12497,DLY04937
FL12503,DLY04938
FL12505,DLY04939
FL12508,DLY04940
FL12510,DLY04941
FL12511,DLY04942
FL12514,DLY04943
FL12517,DLY04944
FL12519,DLY04945
FL12520,DLY04946
FL12524,DLY04947
FL12525,DLY04948
FL12527,DLY04949
FL12531,DLY04950
FL12535,DLY04951
FL12536,DLY04952
FL12539,DLY04953
FL12542,DLY04954
FL12543,DLY04955
FL12545,DLY04956
FL12547,DLY04957
FL12553,DLY04958
FL12554,DLY04959
FL12559,DLY04960
FL12566,DLY04961
FL12569,DLY04962
FL12571,DLY04963
FL12573,DLY04964
FL12575,DLY04965
FL12576,DLY04966
FL12579,DLY04967
FL12580,DLY04968
FL12581,DLY04969
FL12585,DLY04970
FL12589,DLY04971
FL12592,DLY04972
FL12593,DLY04973
FL12597,DLY04974
FL12606,DLY04975
FL12607,DLY04976
FL12608,DLY04977
FL12610,DLY04978
FL12611,DLY04979
FL12615,DLY04980
FL12617,DLY04981
FL12620,DLY04982
FL12622,DLY04983
FL12628,DLY04984
FL12635,DLY04985
FL12636,DLY04986
FL12646,DLY04987
FL12647,DLY04988
FL12649,DLY04989
FL12652,DLY04990
FL12653,DLY04991
FL12654,DLY04992
FL12657,DLY04993
FL12659,DLY04994
FL12661,DLY04995
FL12665,DLY04996
FL12668,DLY04997
FL12672,DLY04998
FL12676,DLY04999
FL12678,DLY05000
FL12684,DLY05001
FL12687,DLY05002
FL12691,DLY05003
FL12694,DLY05004
FL12698,DLY05005
FL12701,DLY05006
FL12702,DLY05007
FL12709,DLY05008
FL12710,DLY05009
FL12714,DLY05010
FL12716,DLY05011
FL12717,DLY05012
FL12720,DLY05013
FL12721,DLY05014
FL12722,DLY05015
FL12723,DLY05016
FL12726,DLY05017
FL12727,DLY05018
FL12728,DLY05019
FL12732,DLY05020
FL12733,DLY05021
FL12734,DLY05022
FL12737,DLY05023
FL12740,DLY05024
FL12743,DLY05025
FL12744,DLY05026
FL12753,DLY05027
FL12755,DLY05028
FL12756,DLY05029
FL12761,DLY05030
FL12764,DLY05031
FL12765,DLY05032
FL12774,DLY05033
FL12775,DLY05034
FL12776,DLY05035
FL12782,DLY05036
FL12788,DLY05037
FL12789,DLY05038
FL12795,DLY05039
FL12798,DLY05040
FL12802,DLY05041
FL12807,DLY05042
FL12808,DLY05043
FL12809,DLY05044
FL12813,DLY05045
FL12815,DLY05046
FL12816,DLY05047
FL12820,DLY05048
FL12823,DLY05049
FL12828,DLY05050
FL12831,DLY05051
FL12836,DLY05052
FL12837,DLY05053
FL12839,DLY05054
FL12843,DLY05055
FL12845,DLY05056
FL12848,DLY05057
FL12850,DLY05058
FL12851,DLY05059
FL12853,DLY05060
FL12855,DLY05061
FL12857,DLY05062
FL12859,DLY05063
FL12861,DLY05064
FL12862,DLY05065
FL12864,DLY05066
FL12870,DLY05067
FL12872,DLY05068
FL12875,DLY05069
FL12879,DLY05070
FL12880,DLY05071
FL12885,DLY05072
FL12889,DLY05073
FL12891,DLY05074
FL12893,DLY05075
FL12894,DLY05076
FL12895,DLY05077
FL12897,DLY05078
FL12899,DLY05079
FL12900,DLY05080
FL12901,DLY05081
FL12905,DLY05082
FL12909,DLY05083
FL12911,DLY05084
FL12916,DLY05085
FL12918,DLY05086
FL12921,DLY05087
FL12923,DLY05088
FL12924,DLY05089
FL12926,DLY05090
FL12927,DLY05091
FL12928,DLY05092
FL12929,DLY05093
FL12930,DLY05094
FL12934,DLY05095
FL12935,DLY05096
FL12936,DLY05097
FL12937,DLY05098
FL12939,DLY05099
FL12940,DLY05100
FL12941,DLY05101
FL12943,DLY05102
FL12944,DLY05103
FL12946,DLY05104
FL12954,DLY05105
FL12961,DLY05106
FL12964,DLY05107
FL12969,DLY05108
FL12970,DLY05109
FL12972,DLY05110
FL12977,DLY05111
FL12979,DLY05112
FL12983,DLY05113
FL12999,DLY05114
FL13003,DLY05115
FL13006,DLY05116
FL13007,DLY05117
FL13009,DLY05118
FL13010,DLY05119
FL13019,DLY05120
FL13027,DLY05121
FL13032,DLY05122
FL13033,DLY05123
FL13035,DLY05124
FL13036,DLY05125
FL13050,DLY05126
FL13052,DLY05127
FL13066,DLY05128
FL13071,DLY05129
FL13076,DLY05130
FL13079,DLY05131
FL13083,DLY05132
FL13084,DLY05133
FL13092,DLY05134
FL13094,DLY05135
FL13097,DLY05136
FL13099,DLY05137
FL13102,DLY05138
FL13104,DLY05139
FL13113,DLY05140
FL13114,DLY05141
FL13118,DLY05142
FL13123,DLY05143
FL13130,DLY05144
FL13131,DLY05145
FL13132,DLY05146
FL13133,DLY05147
FL13134,DLY05148
FL13137,DLY05149
FL13139,DLY05150
FL13140,DLY05151
FL13142,DLY05152
FL13146,DLY05153
FL13147,DLY05154
FL13152,DLY05155
FL13156,DLY05156
FL13159,DLY05157
FL13164,DLY05158
FL13166,DLY05159
FL13168,DLY05160
FL13171,DLY05161
FL13174,DLY05162
FL13175,DLY05163
FL13178,DLY05164
FL13181,DLY05165
FL13190,DLY05166
FL13193,DLY05167
FL13196,DLY05168
FL13197,DLY05169
FL13198,DLY05170
FL13203,DLY05171
FL13204,DLY05172
FL13206,DLY05173
FL13213,DLY05174
FL13214,DLY05175
FL13219,DLY05176
FL13220,DLY05177
FL13225,DLY05178
FL13226,DLY05179
FL13230,DLY05180
FL13233,DLY05181
FL13235,DLY05182
FL13242,DLY05183
FL13245,DLY05184
FL13251,DLY05185
FL13253,DLY05186
FL13255,DLY05187
FL13257,DLY05188
FL13258,DLY05189
FL13263,DLY05190
FL13267,DLY05191
FL13271,DLY05192
FL13273,DLY05193
FL13276,DLY05194
FL13277,DLY05195
FL13278,DLY05196
FL13280,DLY05197
FL13288,DLY05198
FL13289,DLY05199
FL13293,DLY05200
FL13294,DLY05201
FL13296,DLY05202
FL13300,DLY05203
FL13302,DLY05204
FL13305,DLY05205
FL13308,DLY05206
FL13312,DLY05207
FL13327,DLY05208
FL13335,DLY05209
FL13339,DLY05210
FL13348,DLY05211
FL13351,DLY05212
FL13356,DLY05213
FL13361,DLY05214
FL13367,DLY05215
FL13370,DLY05216
FL13371,DLY05217
FL13378,DLY05218
FL13379,DLY05219
FL13380,DLY05220
FL13385,DLY05221
FL13391,DLY05222
FL13393,DLY05223
FL13394,DLY05224
FL13399,DLY05225
FL13403,DLY05226
FL13417,DLY05227
FL13418,DLY05228
FL13419,DLY05229
FL13420,DLY05230
FL13421,DLY05231
FL13424,DLY05232
FL13428,DLY05233
FL13429,DLY05234
FL13436,DLY05235
FL13438,DLY05236
FL13443,DLY05237
FL13444,DLY05238
FL13455,DLY05239
FL13457,DLY05240
FL13461,DLY05241
FL13468,DLY05242
FL13470,DLY05243
FL13471,DLY05244
FL13483,DLY05245
FL13489,DLY05246
FL13499,DLY05247
FL13500,DLY05248
FL13512,DLY05249
FL13518,DLY05250
FL13523,DLY05251
FL13527,DLY05252
FL13530,DLY05253
FL13532,DLY05254
FL13536,DLY05255
FL13551,DLY05256
FL13555,DLY05257
FL13559,DLY05258
FL13567,DLY05259
FL13568,DLY05260
FL13573,DLY05261
FL13574,DLY05262
FL13579,DLY05263
FL13580,DLY05264
FL13585,DLY05265
FL13587,DLY05266
FL13589,DLY05267
FL13592,DLY05268
FL13600,DLY05269
FL13602,DLY05270
FL13606,DLY05271
FL13612,DLY05272
FL13613,DLY05273
FL13615,DLY05274
FL13617,DLY05275
FL13618,DLY05276
FL13621,DLY05277
FL13622,DLY05278
FL13623,DLY05279
FL13627,DLY05280
FL13628,DLY05281
FL13633,DLY05282
FL13634,DLY05283
FL13637,DLY05284
FL13641,DLY05285
FL13654,DLY05286
FL13658,DLY05287
FL13659,DLY05288
FL13662,DLY05289
FL13664,DLY05290
FL13665,DLY05291
FL13666,DLY05292
FL13668,DLY05293
FL13678,DLY05294
FL13680,DLY05295
FL13681,DLY05296
FL13683,DLY05297
FL13688,DLY05298
FL13691,DLY05299
FL13694,DLY05300
FL13699,DLY05301
FL13706,DLY05302
FL13707,DLY05303
FL13709,DLY05304
FL13713,DLY05305
FL13714,DLY05306
FL13719,DLY05307
FL13720,DLY05308
FL13723,DLY05309
FL13724,DLY05310
FL13726,DLY05311
FL13727,DLY05312
FL13731,DLY05313
FL13734,DLY05314
FL13745,DLY05315
FL13754,DLY05316
FL13757,DLY05317
FL13759,DLY05318
FL13765,DLY05319
FL13771,DLY05320
FL13777,DLY05321
FL13778,DLY05322
FL13780,DLY05323
FL13782,DLY05324
FL13793,DLY05325
FL13795,DLY05326
FL13803,DLY05327
FL13809,DLY05328
FL13812,DLY05329
FL13818,DLY05330
FL13819,DLY05331
FL13820,DLY05332
FL13824,DLY05333
FL13826,DLY05334
FL13827,DLY05335
FL13828,DLY05336
FL13842,DLY05337
FL13843,DLY05338
FL13849,DLY05339
FL13856,DLY05340
FL13865,DLY05341
FL13868,DLY05342
FL13874,DLY05343
FL13875,DLY05344
FL13880,DLY05345
FL13881,DLY05346
FL13882,DLY05347
FL13885,DLY05348
FL13886,DLY05349
FL13889,DLY05350
FL13891,DLY05351
FL13892,DLY05352
FL13895,DLY05353
FL13901,DLY05354
FL13903,DLY05355
FL13920,DLY05356
FL13921,DLY05357
FL13922,DLY05358
FL13923,DLY05359
FL13929,DLY05360
FL13936,DLY05361
FL13941,DLY05362
FL13951,DLY05363
FL13956,DLY05364
FL13959,DLY05365
FL13967,DLY05366
FL13969,DLY05367
FL13974,DLY05368
FL13977,DLY05369
FL13979,DLY05370
FL13980,DLY05371
FL13982,DLY05372
FL13987,DLY05373
FL13988,DLY05374
FL13990,DLY05375
FL13992,DLY05376
FL13995,DLY05377
FL13997,DLY05378
FL14001,DLY05379
FL14004,DLY05380
FL14005,DLY05381
FL14007,DLY05382
FL14008,DLY05383
FL14012,DLY05384
FL14013,DLY05385
FL14016,DLY05386
FL14019,DLY05387
FL14020,DLY05388
FL14023,DLY05389
FL14029,DLY05390
FL14031,DLY05391
FL14033,DLY05392
FL14034,DLY05393
FL14039,DLY05394
FL14042,DLY05395
FL14045,DLY05396
FL14048,DLY05397
FL14057,DLY05398
FL14058,DLY05399
FL14060,DLY05400
FL14069,DLY05401
FL14071,DLY05402
FL14073,DLY05403
FL14076,DLY05404
FL14077,DLY05405
FL14079,DLY05406
FL14086,DLY05407
FL14087,DLY05408
FL14091,DLY05409
FL14099,DLY05410
FL14102,DLY05411
FL14106,DLY05412
FL14111,DLY05413
FL14113,DLY05414
FL14116,DLY05415
FL14117,DLY05416
FL14127,DLY05417
FL14134,DLY05418
FL14137,DLY05419
FL14139,DLY05420
FL14140,DLY05421
FL14142,DLY05422
FL14144,DLY05423
FL14145,DLY05424
FL14151,DLY05425
FL14153,DLY05426
FL14154,DLY05427
FL14156,DLY05428
FL14157,DLY05429
FL14158,DLY05430
FL14159,DLY05431
FL14169,DLY05432
FL14174,DLY05433
FL14183,DLY05434
FL14184,DLY05435
FL14185,DLY05436
FL14188,DLY05437
FL14191,DLY05438
FL14196,DLY05439
FL14197,DLY05440
FL14200,DLY05441
FL14201,DLY05442
FL14203,DLY05443
FL14204,DLY05444
FL14207,DLY05445
FL14211,DLY05446
FL14215,DLY05447
FL14221,DLY05448
FL14222,DLY05449
FL14226,DLY05450
FL14227,DLY05451
FL14228,DLY05452
FL14229,DLY05453
FL14237,DLY05454
FL14246,DLY05455
FL14250,DLY05456
FL14252,DLY05457
FL14254,DLY05458
FL14256,DLY05459
FL14257,DLY05460
FL14258,DLY05461
FL14263,DLY05462
FL14264,DLY05463
FL14266,DLY05464
FL14272,DLY05465
FL14278,DLY05466
FL14280,DLY05467
FL14284,DLY05468
FL14286,DLY05469
FL14287,DLY05470
FL14289,DLY05471
FL14290,DLY05472
FL14298,DLY05473
FL14302,DLY05474
FL14305,DLY05475
FL14309,DLY05476
FL14310,DLY05477
FL14315,DLY05478
FL14321,DLY05479
FL14323,DLY05480
FL14329,DLY05481
FL14330,DLY05482
FL14334,DLY05483
FL14335,DLY05484
FL14340,DLY05485
FL14341,DLY05486
FL14346,DLY05487
FL14348,DLY05488
FL14349,DLY05489
FL14350,DLY05490
FL14352,DLY05491
FL14359,DLY05492
FL14360,DLY05493
FL14373,DLY05494
FL14374,DLY05495
FL14377,DLY05496
FL14380,DLY05497
FL14383,DLY05498
FL14384,DLY05499
FL14388,DLY05500
FL14389,DLY05501
FL14391,DLY05502
FL14392,DLY05503
FL14396,DLY05504
FL14397,DLY05505
FL14401,DLY05506
FL14408,DLY05507
FL14409,DLY05508
FL14412,DLY05509
FL14415,DLY05510
FL14416,DLY05511
FL14418,DLY05512
FL14423,DLY05513
FL14424,DLY05514
FL14425,DLY05515
FL14429,DLY05516
FL14432,DLY05517
FL14434,DLY05518
FL14435,DLY05519
FL14440,DLY05520
FL14441,DLY05521
FL14449,DLY05522
FL14458,DLY05523
FL14460,DLY05524
FL14461,DLY05525
FL14466,DLY05526
FL14468,DLY05527
FL14472,DLY05528
FL14474,DLY05529
FL14476,DLY05530
FL14478,DLY05531
FL14484,DLY05532
FL14501,DLY05533
FL14515,DLY05534
FL14519,DLY05535
FL14520,DLY05536
FL14529,DLY05537
FL14531,DLY05538
FL14533,DLY05539
FL14542,DLY05540
FL14543,DLY05541
