:START_ID(System),:END_ID(Sensor)
AC1001-S01,AC1001-S01-SN01
AC1001-S01,AC1001-S01-SN02
AC1001-S01,AC1001-S01-SN03
AC1001-S01,AC1001-S01-SN04
AC1001-S02,AC1001-S02-SN01
AC1001-S02,AC1001-S02-SN02
AC1001-S02,AC1001-S02-SN03
AC1001-S02,AC1001-S02-SN04
AC1002-S01,AC1002-S01-SN01
AC1002-S01,AC1002-S01-SN02
AC1002-S01,AC1002-S01-SN03
AC1002-S01,AC1002-S01-SN04
AC1002-S02,AC1002-S02-SN01
AC1002-S02,AC1002-S02-SN02
AC1002-S02,AC1002-S02-SN03
AC1002-S02,AC1002-S02-SN04
AC1003-S01,AC1003-S01-SN01
AC1003-S01,AC1003-S01-SN02
AC1003-S01,AC1003-S01-SN03
AC1003-S01,AC1003-S01-SN04
AC1003-S02,AC1003-S02-SN01
AC1003-S02,AC1003-S02-SN02
AC1003-S02,AC1003-S02-SN03
AC1003-S02,AC1003-S02-SN04
AC1004-S01,AC1004-S01-SN01
AC1004-S01,AC1004-S01-SN02
AC1004-S01,AC1004-S01-SN03
AC1004-S01,AC1004-S01-SN04
AC1004-S02,AC1004-S02-SN01
AC1004-S02,AC1004-S02-SN02
AC1004-S02,AC1004-S02-SN03
AC1004-S02,AC1004-S02-SN04
AC1005-S01,AC1005-S01-SN01
AC1005-S01,AC1005-S01-SN02
AC1005-S01,AC1005-S01-SN03
AC1005-S01,AC1005-S01-SN04
AC1005-S02,AC1005-S02-SN01
AC1005-S02,AC1005-S02-SN02
AC1005-S02,AC1005-S02-SN03
AC1005-S02,AC1005-S02-SN04
AC1006-S01,AC1006-S01-SN01
AC1006-S01,AC1006-S01-SN02
AC1006-S01,AC1006-S01-SN03
AC1006-S01,AC1006-S01-SN04
AC1006-S02,AC1006-S02-SN01
AC1006-S02,AC1006-S02-SN02
AC1006-S02,AC1006-S02-SN03
AC1006-S02,AC1006-S02-SN04
AC1007-S01,AC1007-S01-SN01
AC1007-S01,AC1007-S01-SN02
AC1007-S01,AC1007-S01-SN03
AC1007-S01,AC1007-S01-SN04
AC1007-S02,AC1007-S02-SN01
AC1007-S02,AC1007-S02-SN02
AC1007-S02,AC1007-S02-SN03
AC1007-S02,AC1007-S02-SN04
AC1008-S01,AC1008-S01-SN01
AC1008-S01,AC1008-S01-SN02
AC1008-S01,AC1008-S01-SN03
AC1008-S01,AC1008-S01-SN04
AC1008-S02,AC1008-S02-SN01
AC1008-S02,AC1008-S02-SN02
AC1008-S02,AC1008-S02-SN03
AC1008-S02,AC1008-S02-SN04
AC1009-S01,AC1009-S01-SN01
AC1009-S01,AC1009-S01-SN02
AC1009-S01,AC1009-S01-SN03
AC1009-S01,AC1009-S01-SN04
AC1009-S02,AC1009-S02-SN01
AC1009-S02,AC1009-S02-SN02
AC1009-S02,AC1009-S02-SN03
AC1009-S02,AC1009-S02-SN04
AC1010-S01,AC1010-S01-SN01
AC1010-S01,AC1010-S01-SN02
AC1010-S01,AC1010-S01-SN03
AC1010-S01,AC1010-S01-SN04
AC1010-S02,AC1010-S02-SN01
AC1010-S02,AC1010-S02-SN02
AC1010-S02,AC1010-S02-SN03
AC1010-S02,AC1010-S02-SN04
AC1011-S01,AC1011-S01-SN01
AC1011-S01,AC1011-S01-SN02
AC1011-S01,AC1011-S01-SN03
AC1011-S01,AC1011-S01-SN04
AC1011-S02,AC1011-S02-SN01
AC1011-S02,AC1011-S02-SN02
AC1011-S02,AC1011-S02-SN03
AC1011-S02,AC1011-S02-SN04
AC1012-S01,AC1012-S01-SN01
AC1012-S01,AC1012-S01-SN02
AC1012-S01,AC1012-S01-SN03
AC1012-S01,AC1012-S01-SN04
AC1012-S02,AC1012-S02-SN01
AC1012-S02,AC1012-S02-SN02
AC1012-S02,AC1012-S02-SN03
AC1012-S02,AC1012-S02-SN04
AC1013-S01,AC1013-S01-SN01
AC1013-S01,AC1013-S01-SN02
AC1013-S01,AC1013-S01-SN03
AC1013-S01,AC1013-S01-SN04
AC1013-S02,AC1013-S02-SN01
AC1013-S02,AC1013-S02-SN02
AC1013-S02,AC1013-S02-SN03
AC1013-S02,AC1013-S02-SN04
AC1014-S01,AC1014-S01-SN01
AC1014-S01,AC1014-S01-SN02
AC1014-S01,AC1014-S01-SN03
AC1014-S01,AC1014-S01-SN04
AC1014-S02,AC1014-S02-SN01
AC1014-S02,AC1014-S02-SN02
AC1014-S02,AC1014-S02-SN03
AC1014-S02,AC1014-S02-SN04
AC1015-S01,AC1015-S01-SN01
AC1015-S01,AC1015-S01-SN02
AC1015-S01,AC1015-S01-SN03
AC1015-S01,AC1015-S01-SN04
AC1015-S02,AC1015-S02-SN01
AC1015-S02,AC1015-S02-SN02
AC1015-S02,AC1015-S02-SN03
AC1015-S02,AC1015-S02-SN04
AC1016-S01,AC1016-S01-SN01
AC1016-S01,AC1016-S01-SN02
AC1016-S01,AC1016-S01-SN03
AC1016-S01,AC1016-S01-SN04
AC1016-S02,AC1016-S02-SN01
AC1016-S02,AC1016-S02-SN02
AC1016-S02,AC1016-S02-SN03
AC1016-S02,AC1016-S02-SN04
AC1017-S01,AC1017-S01-SN01
AC1017-S01,AC1017-S01-SN02
AC1017-S01,AC1017-S01-SN03
AC1017-S01,AC1017-S01-SN04
AC1017-S02,AC1017-S02-SN01
AC1017-S02,AC1017-S02-SN02
AC1017-S02,AC1017-S02-SN03
AC1017-S02,AC1017-S02-SN04
AC1018-S01,AC1018-S01-SN01
AC1018-S01,AC1018-S01-SN02
AC1018-S01,AC1018-S01-SN03
AC1018-S01,AC1018-S01-SN04
AC1018-S02,AC1018-S02-SN01
AC1018-S02,AC1018-S02-SN02
AC1018-S02,AC1018-S02-SN03
AC1018-S02,AC1018-S02-SN04
AC1019-S01,AC1019-S01-SN01
AC1019-S01,AC1019-S01-SN02
AC1019-S01,AC1019-S01-SN03
AC1019-S01,AC1019-S01-SN04
AC1019-S02,AC1019-S02-SN01
AC1019-S02,AC1019-S02-SN02
AC1019-S02,AC1019-S02-SN03
AC1019-S02,AC1019-S02-SN04
AC1020-S01,AC1020-S01-SN01
AC1020-S01,AC1020-S01-SN02
AC1020-S01,AC1020-S01-SN03
AC1020-S01,AC1020-S01-SN04
AC1020-S02,AC1020-S02-SN01
AC1020-S02,AC1020-S02-SN02
AC1020-S02,AC1020-S02-SN03
AC1020-S02,AC1020-S02-SN04
AC1021-S01,AC1021-S01-SN01
AC1021-S01,AC1021-S01-SN02
AC1021-S01,AC1021-S01-SN03
AC1021-S01,AC1021-S01-SN04
AC1021-S02,AC1021-S02-SN01
AC1021-S02,AC1021-S02-SN02
AC1021-S02,AC1021-S02-SN03
AC1021-S02,AC1021-S02-SN04
AC1022-S01,AC1022-S01-SN01
AC1022-S01,AC1022-S01-SN02
AC1022-S01,AC1022-S01-SN03
AC1022-S01,AC1022-S01-SN04
AC1022-S02,AC1022-S02-SN01
AC1022-S02,AC1022-S02-SN02
AC1022-S02,AC1022-S02-SN03
AC1022-S02,AC1022-S02-SN04
AC1023-S01,AC1023-S01-SN01
AC1023-S01,AC1023-S01-SN02
AC1023-S01,AC1023-S01-SN03
AC1023-S01,AC1023-S01-SN04
AC1023-S02,AC1023-S02-SN01
AC1023-S02,AC1023-S02-SN02
AC1023-S02,AC1023-S02-SN03
AC1023-S02,AC1023-S02-SN04
AC1024-S01,AC1024-S01-SN01
AC1024-S01,AC1024-S01-SN02
AC1024-S01,AC1024-S01-SN03
AC1024-S01,AC1024-S01-SN04
AC1024-S02,AC1024-S02-SN01
AC1024-S02,AC1024-S02-SN02
AC1024-S02,AC1024-S02-SN03
AC1024-S02,AC1024-S02-SN04
AC1025-S01,AC1025-S01-SN01
AC1025-S01,AC1025-S01-SN02
AC1025-S01,AC1025-S01-SN03
AC1025-S01,AC1025-S01-SN04
AC1025-S02,AC1025-S02-SN01
AC1025-S02,AC1025-S02-SN02
AC1025-S02,AC1025-S02-SN03
AC1025-S02,AC1025-S02-SN04
AC1026-S01,AC1026-S01-SN01
AC1026-S01,AC1026-S01-SN02
AC1026-S01,AC1026-S01-SN03
AC1026-S01,AC1026-S01-SN04
AC1026-S02,AC1026-S02-SN01
AC1026-S02,AC1026-S02-SN02
AC1026-S02,AC1026-S02-SN03
AC1026-S02,AC1026-S02-SN04
AC1027-S01,AC1027-S01-SN01
AC1027-S01,AC1027-S01-SN02
AC1027-S01,AC1027-S01-SN03
AC1027-S01,AC1027-S01-SN04
AC1027-S02,AC1027-S02-SN01
AC1027-S02,AC1027-S02-SN02
AC1027-S02,AC1027-S02-SN03
AC1027-S02,AC1027-S02-SN04
AC1028-S01,AC1028-S01-SN01
AC1028-S01,AC1028-S01-SN02
AC1028-S01,AC1028-S01-SN03
AC1028-S01,AC1028-S01-SN04
AC1028-S02,AC1028-S02-SN01
AC1028-S02,AC1028-S02-SN02
AC1028-S02,AC1028-S02-SN03
AC1028-S02,AC1028-S02-SN04
AC1029-S01,AC1029-S01-SN01
AC1029-S01,AC1029-S01-SN02
AC1029-S01,AC1029-S01-SN03
AC1029-S01,AC1029-S01-SN04
AC1029-S02,AC1029-S02-SN01
AC1029-S02,AC1029-S02-SN02
AC1029-S02,AC1029-S02-SN03
AC1029-S02,AC1029-S02-SN04
AC1030-S01,AC1030-S01-SN01
AC1030-S01,AC1030-S01-SN02
AC1030-S01,AC1030-S01-SN03
AC1030-S01,AC1030-S01-SN04
AC1030-S02,AC1030-S02-SN01
AC1030-S02,AC1030-S02-SN02
AC1030-S02,AC1030-S02-SN03
AC1030-S02,AC1030-S02-SN04
AC1031-S01,AC1031-S01-SN01
AC1031-S01,AC1031-S01-SN02
AC1031-S01,AC1031-S01-SN03
AC1031-S01,AC1031-S01-SN04
AC1031-S02,AC1031-S02-SN01
AC1031-S02,AC1031-S02-SN02
AC1031-S02,AC1031-S02-SN03
AC1031-S02,AC1031-S02-SN04
AC1032-S01,AC1032-S01-SN01
AC1032-S01,AC1032-S01-SN02
AC1032-S01,AC1032-S01-SN03
AC1032-S01,AC1032-S01-SN04
AC1032-S02,AC1032-S02-SN01
AC1032-S02,AC1032-S02-SN02
AC1032-S02,AC1032-S02-SN03
AC1032-S02,AC1032-S02-SN04
AC1033-S01,AC1033-S01-SN01
AC1033-S01,AC1033-S01-SN02
AC1033-S01,AC1033-S01-SN03
AC1033-S01,AC1033-S01-SN04
AC1033-S02,AC1033-S02-SN01
AC1033-S02,AC1033-S02-SN02
AC1033-S02,AC1033-S02-SN03
AC1033-S02,AC1033-S02-SN04
AC1034-S01,AC1034-S01-SN01
AC1034-S01,AC1034-S01-SN02
AC1034-S01,AC1034-S01-SN03
AC1034-S01,AC1034-S01-SN04
AC1034-S02,AC1034-S02-SN01
AC1034-S02,AC1034-S02-SN02
AC1034-S02,AC1034-S02-SN03
AC1034-S02,AC1034-S02-SN04
AC1035-S01,AC1035-S01-SN01
AC1035-S01,AC1035-S01-SN02
AC1035-S01,AC1035-S01-SN03
AC1035-S01,AC1035-S01-SN04
AC1035-S02,AC1035-S02-SN01
AC1035-S02,AC1035-S02-SN02
AC1035-S02,AC1035-S02-SN03
AC1035-S02,AC1035-S02-SN04
AC1036-S01,AC1036-S01-SN01
AC1036-S01,AC1036-S01-SN02
AC1036-S01,AC1036-S01-SN03
AC1036-S01,AC1036-S01-SN04
AC1036-S02,AC1036-S02-SN01
AC1036-S02,AC1036-S02-SN02
AC1036-S02,AC1036-S02-SN03
AC1036-S02,AC1036-S02-SN04
AC1037-S01,AC1037-S01-SN01
AC1037-S01,AC1037-S01-SN02
AC1037-S01,AC1037-S01-SN03
AC1037-S01,AC1037-S01-SN04
AC1037-S02,AC1037-S02-SN01
AC1037-S02,AC1037-S02-SN02
AC1037-S02,AC1037-S02-SN03
AC1037-S02,AC1037-S02-SN04
AC1038-S01,AC1038-S01-SN01
AC1038-S01,AC1038-S01-SN02
AC1038-S01,AC1038-S01-SN03
AC1038-S01,AC1038-S01-SN04
AC1038-S02,AC1038-S02-SN01
AC1038-S02,AC1038-S02-SN02
AC1038-S02,AC1038-S02-SN03
AC1038-S02,AC1038-S02-SN04
AC1039-S01,AC1039-S01-SN01
AC1039-S01,AC1039-S01-SN02
AC1039-S01,AC1039-S01-SN03
AC1039-S01,AC1039-S01-SN04
AC1039-S02,AC1039-S02-SN01
AC1039-S02,AC1039-S02-SN02
AC1039-S02,AC1039-S02-SN03
AC1039-S02,AC1039-S02-SN04
AC1040-S01,AC1040-S01-SN01
AC1040-S01,AC1040-S01-SN02
AC1040-S01,AC1040-S01-SN03
AC1040-S01,AC1040-S01-SN04
AC1040-S02,AC1040-S02-SN01
AC1040-S02,AC1040-S02-SN02
AC1040-S02,AC1040-S02-SN03
AC1040-S02,AC1040-S02-SN04
AC1041-S01,AC1041-S01-SN01
AC1041-S01,AC1041-S01-SN02
AC1041-S01,AC1041-S01-SN03
AC1041-S01,AC1041-S01-SN04
AC1041-S02,AC1041-S02-SN01
AC1041-S02,AC1041-S02-SN02
AC1041-S02,AC1041-S02-SN03
AC1041-S02,AC1041-S02-SN04
AC1042-S01,AC1042-S01-SN01
AC1042-S01,AC1042-S01-SN02
AC1042-S01,AC1042-S01-SN03
AC1042-S01,AC1042-S01-SN04
AC1042-S02,AC1042-S02-SN01
AC1042-S02,AC1042-S02-SN02
AC1042-S02,AC1042-S02-SN03
AC1042-S02,AC1042-S02-SN04
AC1043-S01,AC1043-S01-SN01
AC1043-S01,AC1043-S01-SN02
AC1043-S01,AC1043-S01-SN03
AC1043-S01,AC1043-S01-SN04
AC1043-S02,AC1043-S02-SN01
AC1043-S02,AC1043-S02-SN02
AC1043-S02,AC1043-S02-SN03
AC1043-S02,AC1043-S02-SN04
AC1044-S01,AC1044-S01-SN01
AC1044-S01,AC1044-S01-SN02
AC1044-S01,AC1044-S01-SN03
AC1044-S01,AC1044-S01-SN04
AC1044-S02,AC1044-S02-SN01
AC1044-S02,AC1044-S02-SN02
AC1044-S02,AC1044-S02-SN03
AC1044-S02,AC1044-S02-SN04
AC1045-S01,AC1045-S01-SN01
AC1045-S01,AC1045-S01-SN02
AC1045-S01,AC1045-S01-SN03
AC1045-S01,AC1045-S01-SN04
AC1045-S02,AC1045-S02-SN01
AC1045-S02,AC1045-S02-SN02
AC1045-S02,AC1045-S02-SN03
AC1045-S02,AC1045-S02-SN04
AC1046-S01,AC1046-S01-SN01
AC1046-S01,AC1046-S01-SN02
AC1046-S01,AC1046-S01-SN03
AC1046-S01,AC1046-S01-SN04
AC1046-S02,AC1046-S02-SN01
AC1046-S02,AC1046-S02-SN02
AC1046-S02,AC1046-S02-SN03
AC1046-S02,AC1046-S02-SN04
AC1047-S01,AC1047-S01-SN01
AC1047-S01,AC1047-S01-SN02
AC1047-S01,AC1047-S01-SN03
AC1047-S01,AC1047-S01-SN04
AC1047-S02,AC1047-S02-SN01
AC1047-S02,AC1047-S02-SN02
AC1047-S02,AC1047-S02-SN03
AC1047-S02,AC1047-S02-SN04
AC1048-S01,AC1048-S01-SN01
AC1048-S01,AC1048-S01-SN02
AC1048-S01,AC1048-S01-SN03
AC1048-S01,AC1048-S01-SN04
AC1048-S02,AC1048-S02-SN01
AC1048-S02,AC1048-S02-SN02
AC1048-S02,AC1048-S02-SN03
AC1048-S02,AC1048-S02-SN04
AC1049-S01,AC1049-S01-SN01
AC1049-S01,AC1049-S01-SN02
AC1049-S01,AC1049-S01-SN03
AC1049-S01,AC1049-S01-SN04
AC1049-S02,AC1049-S02-SN01
AC1049-S02,AC1049-S02-SN02
AC1049-S02,AC1049-S02-SN03
AC1049-S02,AC1049-S02-SN04
AC1050-S01,AC1050-S01-SN01
AC1050-S01,AC1050-S01-SN02
AC1050-S01,AC1050-S01-SN03
AC1050-S01,AC1050-S01-SN04
AC1050-S02,AC1050-S02-SN01
AC1050-S02,AC1050-S02-SN02
AC1050-S02,AC1050-S02-SN03
AC1050-S02,AC1050-S02-SN04
AC1051-S01,AC1051-S01-SN01
AC1051-S01,AC1051-S01-SN02
AC1051-S01,AC1051-S01-SN03
AC1051-S01,AC1051-S01-SN04
AC1051-S02,AC1051-S02-SN01
AC1051-S02,AC1051-S02-SN02
AC1051-S02,AC1051-S02-SN03
AC1051-S02,AC1051-S02-SN04
AC1052-S01,AC1052-S01-SN01
AC1052-S01,AC1052-S01-SN02
AC1052-S01,AC1052-S01-SN03
AC1052-S01,AC1052-S01-SN04
AC1052-S02,AC1052-S02-SN01
AC1052-S02,AC1052-S02-SN02
AC1052-S02,AC1052-S02-SN03
AC1052-S02,AC1052-S02-SN04
AC1053-S01,AC1053-S01-SN01
AC1053-S01,AC1053-S01-SN02
AC1053-S01,AC1053-S01-SN03
AC1053-S01,AC1053-S01-SN04
AC1053-S02,AC1053-S02-SN01
AC1053-S02,AC1053-S02-SN02
AC1053-S02,AC1053-S02-SN03
AC1053-S02,AC1053-S02-SN04
AC1054-S01,AC1054-S01-SN01
AC1054-S01,AC1054-S01-SN02
AC1054-S01,AC1054-S01-SN03
AC1054-S01,AC1054-S01-SN04
AC1054-S02,AC1054-S02-SN01
AC1054-S02,AC1054-S02-SN02
AC1054-S02,AC1054-S02-SN03
AC1054-S02,AC1054-S02-SN04
AC1055-S01,AC1055-S01-SN01
AC1055-S01,AC1055-S01-SN02
AC1055-S01,AC1055-S01-SN03
AC1055-S01,AC1055-S01-SN04
AC1055-S02,AC1055-S02-SN01
AC1055-S02,AC1055-S02-SN02
AC1055-S02,AC1055-S02-SN03
AC1055-S02,AC1055-S02-SN04
AC1056-S01,AC1056-S01-SN01
AC1056-S01,AC1056-S01-SN02
AC1056-S01,AC1056-S01-SN03
AC1056-S01,AC1056-S01-SN04
AC1056-S02,AC1056-S02-SN01
AC1056-S02,AC1056-S02-SN02
AC1056-S02,AC1056-S02-SN03
AC1056-S02,AC1056-S02-SN04
AC1057-S01,AC1057-S01-SN01
AC1057-S01,AC1057-S01-SN02
AC1057-S01,AC1057-S01-SN03
AC1057-S01,AC1057-S01-SN04
AC1057-S02,AC1057-S02-SN01
AC1057-S02,AC1057-S02-SN02
AC1057-S02,AC1057-S02-SN03
AC1057-S02,AC1057-S02-SN04
AC1058-S01,AC1058-S01-SN01
AC1058-S01,AC1058-S01-SN02
AC1058-S01,AC1058-S01-SN03
AC1058-S01,AC1058-S01-SN04
AC1058-S02,AC1058-S02-SN01
AC1058-S02,AC1058-S02-SN02
AC1058-S02,AC1058-S02-SN03
AC1058-S02,AC1058-S02-SN04
AC1059-S01,AC1059-S01-SN01
AC1059-S01,AC1059-S01-SN02
AC1059-S01,AC1059-S01-SN03
AC1059-S01,AC1059-S01-SN04
AC1059-S02,AC1059-S02-SN01
AC1059-S02,AC1059-S02-SN02
AC1059-S02,AC1059-S02-SN03
AC1059-S02,AC1059-S02-SN04
AC1060-S01,AC1060-S01-SN01
AC1060-S01,AC1060-S01-SN02
AC1060-S01,AC1060-S01-SN03
AC1060-S01,AC1060-S01-SN04
AC1060-S02,AC1060-S02-SN01
AC1060-S02,AC1060-S02-SN02
AC1060-S02,AC1060-S02-SN03
AC1060-S02,AC1060-S02-SN04
AC1061-S01,AC1061-S01-SN01
AC1061-S01,AC1061-S01-SN02
AC1061-S01,AC1061-S01-SN03
AC1061-S01,AC1061-S01-SN04
AC1061-S02,AC1061-S02-SN01
AC1061-S02,AC1061-S02-SN02
AC1061-S02,AC1061-S02-SN03
AC1061-S02,AC1061-S02-SN04
AC1062-S01,AC1062-S01-SN01
AC1062-S01,AC1062-S01-SN02
AC1062-S01,AC1062-S01-SN03
AC1062-S01,AC1062-S01-SN04
AC1062-S02,AC1062-S02-SN01
AC1062-S02,AC1062-S02-SN02
AC1062-S02,AC1062-S02-SN03
AC1062-S02,AC1062-S02-SN04
AC1063-S01,AC1063-S01-SN01
AC1063-S01,AC1063-S01-SN02
AC1063-S01,AC1063-S01-SN03
AC1063-S01,AC1063-S01-SN04
AC1063-S02,AC1063-S02-SN01
AC1063-S02,AC1063-S02-SN02
AC1063-S02,AC1063-S02-SN03
AC1063-S02,AC1063-S02-SN04
AC1064-S01,AC1064-S01-SN01
AC1064-S01,AC1064-S01-SN02
AC1064-S01,AC1064-S01-SN03
AC1064-S01,AC1064-S01-SN04
AC1064-S02,AC1064-S02-SN01
AC1064-S02,AC1064-S02-SN02
AC1064-S02,AC1064-S02-SN03
AC1064-S02,AC1064-S02-SN04
AC1065-S01,AC1065-S01-SN01
AC1065-S01,AC1065-S01-SN02
AC1065-S01,AC1065-S01-SN03
AC1065-S01,AC1065-S01-SN04
AC1065-S02,AC1065-S02-SN01
AC1065-S02,AC1065-S02-SN02
AC1065-S02,AC1065-S02-SN03
AC1065-S02,AC1065-S02-SN04
AC1066-S01,AC1066-S01-SN01
AC1066-S01,AC1066-S01-SN02
AC1066-S01,AC1066-S01-SN03
AC1066-S01,AC1066-S01-SN04
AC1066-S02,AC1066-S02-SN01
AC1066-S02,AC1066-S02-SN02
AC1066-S02,AC1066-S02-SN03
AC1066-S02,AC1066-S02-SN04
AC1067-S01,AC1067-S01-SN01
AC1067-S01,AC1067-S01-SN02
AC1067-S01,AC1067-S01-SN03
AC1067-S01,AC1067-S01-SN04
AC1067-S02,AC1067-S02-SN01
AC1067-S02,AC1067-S02-SN02
AC1067-S02,AC1067-S02-SN03
AC1067-S02,AC1067-S02-SN04
AC1068-S01,AC1068-S01-SN01
AC1068-S01,AC1068-S01-SN02
AC1068-S01,AC1068-S01-SN03
AC1068-S01,AC1068-S01-SN04
AC1068-S02,AC1068-S02-SN01
AC1068-S02,AC1068-S02-SN02
AC1068-S02,AC1068-S02-SN03
AC1068-S02,AC1068-S02-SN04
AC1069-S01,AC1069-S01-SN01
AC1069-S01,AC1069-S01-SN02
AC1069-S01,AC1069-S01-SN03
AC1069-S01,AC1069-S01-SN04
AC1069-S02,AC1069-S02-SN01
AC1069-S02,AC1069-S02-SN02
AC1069-S02,AC1069-S02-SN03
AC1069-S02,AC1069-S02-SN04
AC1070-S01,AC1070-S01-SN01
AC1070-S01,AC1070-S01-SN02
AC1070-S01,AC1070-S01-SN03
AC1070-S01,AC1070-S01-SN04
AC1070-S02,AC1070-S02-SN01
AC1070-S02,AC1070-S02-SN02
AC1070-S02,AC1070-S02-SN03
AC1070-S02,AC1070-S02-SN04
AC1071-S01,AC1071-S01-SN01
AC1071-S01,AC1071-S01-SN02
AC1071-S01,AC1071-S01-SN03
AC1071-S01,AC1071-S01-SN04
AC1071-S02,AC1071-S02-SN01
AC1071-S02,AC1071-S02-SN02
AC1071-S02,AC1071-S02-SN03
AC1071-S02,AC1071-S02-SN04
AC1072-S01,AC1072-S01-SN01
AC1072-S01,AC1072-S01-SN02
AC1072-S01,AC1072-S01-SN03
AC1072-S01,AC1072-S01-SN04
AC1072-S02,AC1072-S02-SN01
AC1072-S02,AC1072-S02-SN02
AC1072-S02,AC1072-S02-SN03
AC1072-S02,AC1072-S02-SN04
AC1073-S01,AC1073-S01-SN01
AC1073-S01,AC1073-S01-SN02
AC1073-S01,AC1073-S01-SN03
AC1073-S01,AC1073-S01-SN04
AC1073-S02,AC1073-S02-SN01
AC1073-S02,AC1073-S02-SN02
AC1073-S02,AC1073-S02-SN03
AC1073-S02,AC1073-S02-SN04
AC1074-S01,AC1074-S01-SN01
AC1074-S01,AC1074-S01-SN02
AC1074-S01,AC1074-S01-SN03
AC1074-S01,AC1074-S01-SN04
AC1074-S02,AC1074-S02-SN01
AC1074-S02,AC1074-S02-SN02
AC1074-S02,AC1074-S02-SN03
AC1074-S02,AC1074-S02-SN04
AC1075-S01,AC1075-S01-SN01
AC1075-S01,AC1075-S01-SN02
AC1075-S01,AC1075-S01-SN03
AC1075-S01,AC1075-S01-SN04
AC1075-S02,AC1075-S02-SN01
AC1075-S02,AC1075-S02-SN02
AC1075-S02,AC1075-S02-SN03
AC1075-S02,AC1075-S02-SN04
AC1076-S01,AC1076-S01-SN01
AC1076-S01,AC1076-S01-SN02
AC1076-S01,AC1076-S01-SN03
AC1076-S01,AC1076-S01-SN04
AC1076-S02,AC1076-S02-SN01
AC1076-S02,AC1076-S02-SN02
AC1076-S02,AC1076-S02-SN03
AC1076-S02,AC1076-S02-SN04
AC1077-S01,AC1077-S01-SN01
AC1077-S01,AC1077-S01-SN02
AC1077-S01,AC1077-S01-SN03
AC1077-S01,AC1077-S01-SN04
AC1077-S02,AC1077-S02-SN01
AC1077-S02,AC1077-S02-SN02
AC1077-S02,AC1077-S02-SN03
AC1077-S02,AC1077-S02-SN04
AC1078-S01,AC1078-S01-SN01
AC1078-S01,AC1078-S01-SN02
AC1078-S01,AC1078-S01-SN03
AC1078-S01,AC1078-S01-SN04
AC1078-S02,AC1078-S02-SN01
AC1078-S02,AC1078-S02-SN02
AC1078-S02,AC1078-S02-SN03
AC1078-S02,AC1078-S02-SN04
AC1079-S01,AC1079-S01-SN01
AC1079-S01,AC1079-S01-SN02
AC1079-S01,AC1079-S01-SN03
AC1079-S01,AC1079-S01-SN04
AC1079-S02,AC1079-S02-SN01
AC1079-S02,AC1079-S02-SN02
AC1079-S02,AC1079-S02-SN03
AC1079-S02,AC1079-S02-SN04
AC1080-S01,AC1080-S01-SN01
AC1080-S01,AC1080-S01-SN02
AC1080-S01,AC1080-S01-SN03
AC1080-S01,AC1080-S01-SN04
AC1080-S02,AC1080-S02-SN01
AC1080-S02,AC1080-S02-SN02
AC1080-S02,AC1080-S02-SN03
AC1080-S02,AC1080-S02-SN04
AC1081-S01,AC1081-S01-SN01
AC1081-S01,AC1081-S01-SN02
AC1081-S01,AC1081-S01-SN03
AC1081-S01,AC1081-S01-SN04
AC1081-S02,AC1081-S02-SN01
AC1081-S02,AC1081-S02-SN02
AC1081-S02,AC1081-S02-SN03
AC1081-S02,AC1081-S02-SN04
AC1082-S01,AC1082-S01-SN01
AC1082-S01,AC1082-S01-SN02
AC1082-S01,AC1082-S01-SN03
AC1082-S01,AC1082-S01-SN04
AC1082-S02,AC1082-S02-SN01
AC1082-S02,AC1082-S02-SN02
AC1082-S02,AC1082-S02-SN03
AC1082-S02,AC1082-S02-SN04
AC1083-S01,AC1083-S01-SN01
AC1083-S01,AC1083-S01-SN02
AC1083-S01,AC1083-S01-SN03
AC1083-S01,AC1083-S01-SN04
AC1083-S02,AC1083-S02-SN01
AC1083-S02,AC1083-S02-SN02
AC1083-S02,AC1083-S02-SN03
AC1083-S02,AC1083-S02-SN04
AC1084-S01,AC1084-S01-SN01
AC1084-S01,AC1084-S01-SN02
AC1084-S01,AC1084-S01-SN03
AC1084-S01,AC1084-S01-SN04
AC1084-S02,AC1084-S02-SN01
AC1084-S02,AC1084-S02-SN02
AC1084-S02,AC1084-S02-SN03
AC1084-S02,AC1084-S02-SN04
AC1085-S01,AC1085-S01-SN01
AC1085-S01,AC1085-S01-SN02
AC1085-S01,AC1085-S01-SN03
AC1085-S01,AC1085-S01-SN04
AC1085-S02,AC1085-S02-SN01
AC1085-S02,AC1085-S02-SN02
AC1085-S02,AC1085-S02-SN03
AC1085-S02,AC1085-S02-SN04
AC1086-S01,AC1086-S01-SN01
AC1086-S01,AC1086-S01-SN02
AC1086-S01,AC1086-S01-SN03
AC1086-S01,AC1086-S01-SN04
AC1086-S02,AC1086-S02-SN01
AC1086-S02,AC1086-S02-SN02
AC1086-S02,AC1086-S02-SN03
AC1086-S02,AC1086-S02-SN04
AC1087-S01,AC1087-S01-SN01
AC1087-S01,AC1087-S01-SN02
AC1087-S01,AC1087-S01-SN03
AC1087-S01,AC1087-S01-SN04
AC1087-S02,AC1087-S02-SN01
AC1087-S02,AC1087-S02-SN02
AC1087-S02,AC1087-S02-SN03
AC1087-S02,AC1087-S02-SN04
AC1088-S01,AC1088-S01-SN01
AC1088-S01,AC1088-S01-SN02
AC1088-S01,AC1088-S01-SN03
AC1088-S01,AC1088-S01-SN04
AC1088-S02,AC1088-S02-SN01
AC1088-S02,AC1088-S02-SN02
AC1088-S02,AC1088-S02-SN03
AC1088-S02,AC1088-S02-SN04
AC1089-S01,AC1089-S01-SN01
AC1089-S01,AC1089-S01-SN02
AC1089-S01,AC1089-S01-SN03
AC1089-S01,AC1089-S01-SN04
AC1089-S02,AC1089-S02-SN01
AC1089-S02,AC1089-S02-SN02
AC1089-S02,AC1089-S02-SN03
AC1089-S02,AC1089-S02-SN04
AC1090-S01,AC1090-S01-SN01
AC1090-S01,AC1090-S01-SN02
AC1090-S01,AC1090-S01-SN03
AC1090-S01,AC1090-S01-SN04
AC1090-S02,AC1090-S02-SN01
AC1090-S02,AC1090-S02-SN02
AC1090-S02,AC1090-S02-SN03
AC1090-S02,AC1090-S02-SN04
AC1091-S01,AC1091-S01-SN01
AC1091-S01,AC1091-S01-SN02
AC1091-S01,AC1091-S01-SN03
AC1091-S01,AC1091-S01-SN04
AC1091-S02,AC1091-S02-SN01
AC1091-S02,AC1091-S02-SN02
AC1091-S02,AC1091-S02-SN03
AC1091-S02,AC1091-S02-SN04
AC1092-S01,AC1092-S01-SN01
AC1092-S01,AC1092-S01-SN02
AC1092-S01,AC1092-S01-SN03
AC1092-S01,AC1092-S01-SN04
AC1092-S02,AC1092-S02-SN01
AC1092-S02,AC1092-S02-SN02
AC1092-S02,AC1092-S02-SN03
AC1092-S02,AC1092-S02-SN04
AC1093-S01,AC1093-S01-SN01
AC1093-S01,AC1093-S01-SN02
AC1093-S01,AC1093-S01-SN03
AC1093-S01,AC1093-S01-SN04
AC1093-S02,AC1093-S02-SN01
AC1093-S02,AC1093-S02-SN02
AC1093-S02,AC1093-S02-SN03
AC1093-S02,AC1093-S02-SN04
AC1094-S01,AC1094-S01-SN01
AC1094-S01,AC1094-S01-SN02
AC1094-S01,AC1094-S01-SN03
AC1094-S01,AC1094-S01-SN04
AC1094-S02,AC1094-S02-SN01
AC1094-S02,AC1094-S02-SN02
AC1094-S02,AC1094-S02-SN03
AC1094-S02,AC1094-S02-SN04
AC1095-S01,AC1095-S01-SN01
AC1095-S01,AC1095-S01-SN02
AC1095-S01,AC1095-S01-SN03
AC1095-S01,AC1095-S01-SN04
AC1095-S02,AC1095-S02-SN01
AC1095-S02,AC1095-S02-SN02
AC1095-S02,AC1095-S02-SN03
AC1095-S02,AC1095-S02-SN04
AC1096-S01,AC1096-S01-SN01
AC1096-S01,AC1096-S01-SN02
AC1096-S01,AC1096-S01-SN03
AC1096-S01,AC1096-S01-SN04
AC1096-S02,AC1096-S02-SN01
AC1096-S02,AC1096-S02-SN02
AC1096-S02,AC1096-S02-SN03
AC1096-S02,AC1096-S02-SN04
AC1097-S01,AC1097-S01-SN01
AC1097-S01,AC1097-S01-SN02
AC1097-S01,AC1097-S01-SN03
AC1097-S01,AC1097-S01-SN04
AC1097-S02,AC1097-S02-SN01
AC1097-S02,AC1097-S02-SN02
AC1097-S02,AC1097-S02-SN03
AC1097-S02,AC1097-S02-SN04
AC1098-S01,AC1098-S01-SN01
AC1098-S01,AC1098-S01-SN02
AC1098-S01,AC1098-S01-SN03
AC1098-S01,AC1098-S01-SN04
AC1098-S02,AC1098-S02-SN01
AC1098-S02,AC1098-S02-SN02
AC1098-S02,AC1098-S02-SN03
AC1098-S02,AC1098-S02-SN04
AC1099-S01,AC1099-S01-SN01
AC1099-S01,AC1099-S01-SN02
AC1099-S01,AC1099-S01-SN03
AC1099-S01,AC1099-S01-SN04
AC1099-S02,AC1099-S02-SN01
AC1099-S02,AC1099-S02-SN02
AC1099-S02,AC1099-S02-SN03
AC1099-S02,AC1099-S02-SN04
AC1100-S01,AC1100-S01-SN01
AC1100-S01,AC1100-S01-SN02
AC1100-S01,AC1100-S01-SN03
AC1100-S01,AC1100-S01-SN04
AC1100-S02,AC1100-S02-SN01
AC1100-S02,AC1100-S02-SN02
AC1100-S02,AC1100-S02-SN03
AC1100-S02,AC1100-S02-SN04
