:START_ID(Component),:END_ID(RemovalEvent)
AC1001-S02-C02,RE000001
AC1002-S02-C02,RE000002
AC1002-S02-C05,RE000003
AC1003-S01-C01,RE000004
AC1004-S03-C03,RE000005
AC1005-S02-C01,RE000006
AC1006-S01-C03,RE000007
AC1006-S01-C01,RE000008
AC1007-S01-C04,RE000009
AC1007-S04-C04,RE000010
AC1007-S03-C01,RE000011
AC1007-S03-C03,RE000012
AC1007-S03-C01,RE000013
AC1008-S02-C02,RE000014
AC1008-S01-C03,RE000015
AC1009-S02-C04,RE000016
AC1010-S02-C01,RE000017
AC1011-S03-C03,RE000018
AC1012-S02-C05,RE000019
AC1013-S01-C04,RE000020
AC1014-S04-C02,RE000021
AC1014-S01-C01,RE000022
AC1015-S04-C03,RE000023
AC1015-S02-C03,RE000024
AC1016-S04-C03,RE000025
AC1017-S03-C01,RE000026
AC1018-S03-C01,RE000027
AC1019-S03-C02,RE000028
AC1019-S03-C03,RE000029
AC1020-S02-C05,RE000030
AC1020-S03-C03,RE000031
AC1021-S01-C01,RE000032
AC1021-S02-C03,RE000033
AC1022-S03-C02,RE000034
AC1022-S01-C05,RE000035
AC1022-S03-C03,RE000036
AC1023-S02-C01,RE000037
AC1024-S02-C02,RE000038
AC1025-S02-C04,RE000039
AC1026-S03-C01,RE000040
AC1026-S01-C05,RE000041
AC1027-S02-C05,RE000042
AC1027-S02-C01,RE000043
AC1028-S02-C02,RE000044
AC1028-S01-C02,RE000045
AC1029-S02-C03,RE000046
AC1029-S03-C02,RE000047
AC1029-S01-C04,RE000048
AC1030-S02-C05,RE000049
AC1031-S02-C01,RE000050
AC1032-S04-C02,RE000051
AC1033-S03-C02,RE000052
AC1034-S01-C02,RE000053
AC1035-S03-C02,RE000054
AC1036-S02-C05,RE000055
AC1037-S04-C04,RE000056
AC1038-S01-C02,RE000057
AC1039-S01-C01,RE000058
AC1039-S03-C03,RE000059
AC1040-S02-C02,RE000060
AC1041-S03-C03,RE000061
AC1042-S03-C02,RE000062
AC1043-S02-C02,RE000063
AC1043-S03-C03,RE000064
AC1044-S02-C03,RE000065
AC1045-S02-C01,RE000066
AC1046-S01-C02,RE000067
AC1047-S03-C03,RE000068
AC1048-S04-C04,RE000069
AC1049-S04-C04,RE000070
AC1050-S02-C02,RE000071
AC1051-S04-C04,RE000072
AC1052-S02-C04,RE000073
AC1052-S04-C01,RE000074
AC1052-S02-C04,RE000075
AC1052-S04-C01,RE000076
AC1053-S02-C02,RE000077
AC1053-S04-C03,RE000078
AC1054-S03-C02,RE000079
AC1055-S04-C03,RE000080
AC1055-S03-C02,RE000081
AC1055-S01-C01,RE000082
AC1056-S04-C03,RE000083
AC1056-S02-C02,RE000084
AC1057-S04-C03,RE000085
AC1058-S03-C02,RE000086
AC1058-S02-C04,RE000087
AC1059-S01-C04,RE000088
AC1060-S01-C03,RE000089
AC1061-S01-C05,RE000090
AC1061-S03-C03,RE000091
AC1061-S01-C02,RE000092
AC1062-S04-C03,RE000093
AC1062-S01-C03,RE000094
AC1063-S01-C02,RE000095
AC1063-S04-C03,RE000096
AC1063-S04-C02,RE000097
AC1063-S02-C04,RE000098
AC1064-S03-C02,RE000099
AC1065-S01-C02,RE000100
AC1065-S01-C04,RE000101
AC1066-S01-C01,RE000102
AC1067-S01-C03,RE000103
AC1068-S02-C03,RE000104
AC1068-S03-C03,RE000105
AC1069-S03-C03,RE000106
AC1070-S03-C01,RE000107
AC1071-S01-C05,RE000108
AC1072-S03-C02,RE000109
AC1072-S01-C05,RE000110
AC1072-S02-C01,RE000111
AC1073-S04-C03,RE000112
AC1073-S01-C04,RE000113
AC1073-S04-C01,RE000114
AC1073-S02-C03,RE000115
AC1074-S04-C04,RE000116
AC1074-S02-C05,RE000117
AC1074-S02-C05,RE000118
AC1075-S01-C02,RE000119
AC1076-S01-C01,RE000120
AC1077-S01-C03,RE000121
AC1077-S02-C03,RE000122
AC1078-S02-C01,RE000123
AC1079-S01-C02,RE000124
AC1080-S01-C02,RE000125
AC1081-S03-C02,RE000126
AC1082-S04-C04,RE000127
AC1082-S03-C02,RE000128
AC1082-S04-C04,RE000129
AC1083-S01-C05,RE000130
AC1083-S03-C02,RE000131
AC1083-S03-C03,RE000132
AC1083-S02-C04,RE000133
AC1083-S02-C03,RE000134
AC1083-S01-C04,RE000135
AC1084-S01-C04,RE000136
AC1085-S04-C04,RE000137
AC1086-S02-C04,RE000138
AC1086-S03-C01,RE000139
AC1086-S01-C04,RE000140
AC1086-S02-C03,RE000141
AC1087-S02-C03,RE000142
AC1088-S01-C01,RE000143
AC1089-S03-C02,RE000144
AC1090-S04-C03,RE000145
AC1090-S02-C03,RE000146
AC1091-S02-C04,RE000147
AC1092-S02-C03,RE000148
AC1092-S03-C03,RE000149
AC1093-S02-C05,RE000150
AC1093-S04-C01,RE000151
AC1093-S02-C04,RE000152
AC1093-S03-C01,RE000153
AC1094-S01-C05,RE000154
AC1094-S01-C04,RE000155
AC1095-S01-C02,RE000156
AC1095-S01-C04,RE000157
AC1096-S03-C02,RE000158
AC1097-S04-C01,RE000159
AC1098-S04-C04,RE000160
AC1098-S01-C04,RE000161
AC1098-S01-C04,RE000162
AC1099-S02-C05,RE000163
AC1099-S03-C02,RE000164
AC1100-S04-C02,RE000165
